"POS","Player","TOT","THRU","R2","SG-Off the Tee","SG-Off the Tee (Rank)","SG-Approach to Green","SG-Approach to Green (Rank)","SG-Around the Green","SG-Around the Green (Rank)","SG-Putting","SG-Putting (Rank)","SG Total","SG Total (Rank)"
"1","Michael Kim","-14","F","59","0.829","(27th)","3.485","(12th)","1.158","(21st)","6.500","(1st)","11.971","(1st)"
"T2","Ben Kohles","-11","F*","69","1.162","(23rd)","6.498","(1st)","-1.366","(58th)","2.678","(12th)","8.971","(T2)"
"T2","Emiliano Grillo","-11","F*","67","0.701","(33rd)","1.783","(36th)","2.569","(5th)","3.919","(6th)","8.971","(T2)"
"T2","Chandler Phillips","-11","F*","65","-0.775","(56th)","0.256","(53rd)","3.648","(1st)","5.843","(2nd)","8.971","(T2)"
"T5","Jackson Koivun","-10","F*","68","0.342","(40th)","4.741","(5th)","-0.262","(43rd)","3.151","(8th)","7.971","(T5)"
"T5","Troy Merritt","-10","F*","66","-0.026","(46th)","6.243","(2nd)","0.927","(25th)","0.828","(38th)","7.971","(T5)"
"T7","Zac Blair","-9","F*","65","-0.540","(51st)","2.790","(22nd)","0.263","(33rd)","4.459","(4th)","6.971","(T7)"
"T7","Billy Horschel","-9","F*","66","2.266","(9th)","2.872","(21st)","0.020","(35th)","1.814","(21st)","6.971","(T7)"
"T7","Brian Harman","-9","F","64","1.347","(20th)","1.823","(35th)","2.604","(4th)","1.198","(32nd)","6.971","(T7)"
"T10","Jesper Svensson","-8","F*","69","2.167","(T11)","0.936","(46th)","1.098","(22nd)","1.771","(23rd)","5.971","(T10)"
"T10","Michael Brennan","-8","F*","69","0.763","(T30)","5.629","(4th)","-1.418","(59th)","0.998","(36th)","5.971","(T10)"
"T10","Denny McCarthy","-8","F","68","-0.912","(57th)","3.049","(19th)","1.766","(12th)","2.069","(19th)","5.971","(T10)"
"T13","Christiaan Bezuidenhout","-7","F","67","0.580","(34th)","3.427","(13th)","-0.544","(50th)","1.509","(25th)","4.971","(T13)"
"T13","Kevin Yu","-7","F","66","0.292","(42nd)","0.578","(51st)","1.442","(16th)","2.660","(13th)","4.971","(T13)"
"T13","Gary Woodland","-7","F*","71","0.762","(T30)","2.348","(27th)","-0.215","(40th)","2.077","(18th)","4.971","(T13)"
"T13","Kevin Streelman","-7","F","68","1.194","(21st)","3.185","(17th)","0.007","(36th)","0.586","(39th)","4.971","(T13)"
"T13","Austin Smotherman","-7","F","67","-2.215","(65th)","5.662","(3rd)","-0.252","(42nd)","1.777","(22nd)","4.971","(T13)"
"T13","Lee Hodges","-7","F","67","0.970","(25th)","2.097","(32nd)","-0.448","(46th)","2.353","(15th)","4.971","(T13)"
"T13","Scottie Scheffler","-7","F","70","2.467","(6th)","0.593","(50th)","-1.979","(63rd)","3.891","(7th)","4.971","(T13)"
"T13","Hideki Matsuyama","-7","F","65","0.953","(26th)","-0.340","(55th)","2.267","(T7)","2.092","(17th)","4.971","(T13)"
"T13","Lucas Glover","-7","F","70","0.004","(45th)","4.378","(9th)","0.620","(31st)","-0.030","(43rd)","4.971","(T13)"
"T13","Kevin Roy","-7","F*","70","3.003","(3rd)","0.921","(47th)","-0.059","(37th)","1.107","(35th)","4.971","(T13)"
"T13","Chandler Blanchet","-7","F","68","2.170","(10th)","2.715","(24th)","-0.440","(45th)","0.527","(40th)","4.971","(T13)"
"T24","Austin Eckroat","-6","F*","67","-1.704","(62nd)","3.219","(T15)","1.260","(20th)","1.197","(33rd)","3.971","(T24)"
"T24","Davis Thompson","-6","F","68","2.013","(T13)","4.571","(6th)","-0.524","(48th)","-2.088","(62nd)","3.971","(T24)"
"T24","Seamus Power","-6","F*","68","-0.921","(58th)","4.396","(8th)","1.824","(10th)","-1.327","(56th)","3.971","(T24)"
"T24","Haotong Li","-6","F","68","0.383","(39th)","4.537","(7th)","-0.280","(44th)","-0.668","(49th)","3.971","(T24)"
"T24","Muzzy Donohue","-6","F*","63","-1.898","(64th)","1.636","(41st)","2.101","(9th)","2.133","(16th)","3.971","(T24)"
"T24","Vince Whaley","-6","F","69","-0.525","(50th)","0.917","(48th)","0.934","(24th)","2.646","(14th)","3.971","(T24)"
"T24","Zecheng Dou","-6","F","69","1.883","(15th)","-2.123","(64th)","2.267","(T7)","1.945","(20th)","3.971","(T24)"
"T31","Sam Stevens","-5","F","69","1.085","(24th)","1.106","(44th)","-1.961","(62nd)","2.742","(11th)","2.971","(T31)"
"T31","Kurt Kitayama","-5","F*","69","2.879","(4th)","-0.652","(58th)","-0.207","(39th)","0.952","(37th)","2.971","(T31)"
"T31","Maverick McNealy","-5","F*","66","1.784","(17th)","2.016","(33rd)","-0.471","(47th)","-0.357","(45th)","2.971","(T31)"
"T31","Tom Kim","-5","F*","69","0.571","(36th)","3.727","(11th)","1.449","(15th)","-2.775","(64th)","2.971","(T31)"
"T31","Casey Jarvis","-5","F*","66","3.109","(2nd)","1.184","(43rd)","1.638","(14th)","-2.959","(65th)","2.971","(T31)"
"T31","Pontus Nyholm","-5","F","69","-0.633","(54th)","2.724","(23rd)","-0.531","(49th)","1.412","(27th)","2.971","(T31)"
"T31","Davis Chatfield","-5","F","68","-0.692","(55th)","1.647","(39th)","0.714","(29th)","1.303","(30th)","2.971","(T31)"
"T31","Keith Mitchell","-5","F","69","2.719","(5th)","1.983","(34th)","-1.332","(57th)","-0.398","(47th)","2.971","(T31)"
"T31","Beau Hossler","-5","F","68","0.578","(35th)","1.725","(37th)","-0.703","(52nd)","1.372","(29th)","2.971","(T31)"
"T31","Jeffrey Kang","-5","F*","70","-0.352","(47th)","0.483","(52nd)","1.338","(18th)","1.503","(26th)","2.971","(T31)"
"T41","Hank Lebioda","-4","F*","69","-1.891","(63rd)","3.920","(10th)","0.969","(23rd)","-1.026","(53rd)","1.971","(T41)"
"T41","Lanto Griffin","-4","F","68","-0.998","(59th)","1.641","(40th)","3.063","(2nd)","-1.734","(60th)","1.971","(T41)"
"T41","Will Gordon","-4","F","70","-0.467","(49th)","3.124","(18th)","0.153","(34th)","-0.838","(51st)","1.971","(T41)"
"T41","Fabián Gómez","-4","F*","67","0.441","(38th)","2.115","(31st)","1.399","(17th)","-1.983","(61st)","1.971","(T41)"
"T41","Rasmus Neergaard-Petersen","-4","F*","72","2.305","(8th)","-1.933","(62nd)","2.999","(3rd)","-1.399","(57th)","1.971","(T41)"
"T41","John Parry","-4","F","69","1.169","(22nd)","0.765","(49th)","1.281","(19th)","-1.243","(54th)","1.971","(T41)"
"T41","Kristoffer Ventura","-4","F*","66","0.771","(29th)","2.667","(25th)","-0.573","(51st)","-0.893","(52nd)","1.971","(T41)"
"T41","Mackenzie Hughes","-4","F*","67","-1.000","(60th)","1.033","(45th)","0.329","(32nd)","1.610","(24th)","1.971","(T41)"
"T41","Jake Knapp","-4","F","70","2.166","(T11)","2.250","(28th)","-2.058","(64th)","-0.386","(46th)","1.971","(T41)"
"T41","Camilo Villegas","-4","F","69","-1.448","(61st)","1.364","(42nd)","0.645","(30th)","1.411","(28th)","1.971","(T41)"
"T41","Patrick Fishburn","-4","F","68","1.826","(16th)","-2.593","(65th)","-1.745","(61st)","4.484","(3rd)","1.971","(T41)"
"T41","A.J. Ewart","-4","F*","69","-3.233","(66th)","2.535","(26th)","-1.733","(60th)","4.403","(5th)","1.971","(T41)"
"T41","John VanDerLaan","-4","F","71","0.513","(37th)","-0.074","(54th)","1.727","(13th)","-0.194","(44th)","1.971","(T41)"
"T54","Matti Schmid","-3","F","72","0.253","(43rd)","3.224","(14th)","0.910","(26th)","-3.415","(66th)","0.971","(T54)"
"T54","Ricky Castillo","-3","F","68","-0.560","(52nd)","-1.936","(63rd)","2.307","(6th)","1.161","(34th)","0.971","(T54)"
"T54","Joel Dahmen","-3","F","69","-0.626","(53rd)","3.037","(20th)","-0.161","(38th)","-1.278","(55th)","0.971","(T54)"
"T54","Jimmy Stanger","-3","F","70","0.745","(32nd)","-0.829","(60th)","-0.237","(41st)","1.293","(31st)","0.971","(T54)"
"T54","Neal Shipley","-3","F*","69","1.537","(19th)","2.236","(29th)","-1.192","(56th)","-1.609","(59th)","0.971","(T54)"
"T54","Max Greyserman","-3","F*","70","2.328","(7th)","-0.698","(59th)","-0.864","(53rd)","0.206","(42nd)","0.971","(T54)"
"T54","Jordan Smith","-3","F*","68","1.552","(18th)","2.137","(30th)","-1.111","(54th)","-1.606","(58th)","0.971","(T54)"
"T54","Rico Hoey","-3","F","72","0.119","(44th)","-1.141","(61st)","1.775","(11th)","0.219","(41st)","0.971","(T54)"
"T54","Mark Hubbard","-3","F*","69","2.013","(T13)","1.667","(38th)","-2.173","(66th)","-0.535","(48th)","0.971","(T54)"
"T54","Corey Conners","-3","F","69","3.164","(1st)","-0.432","(56th)","0.776","(28th)","-2.536","(63rd)","0.971","(T54)"
"T54","Chris Kirk","-3","F*","69","-0.385","(48th)","3.219","(T15)","-1.177","(55th)","-0.685","(50th)","0.971","(T54)"
"T54","Zach Bauchou","-3","F","69","0.313","(41st)","-3.117","(66th)","0.843","(27th)","2.933","(10th)","0.971","(T54)"
"T54","Trace Crowe","-3","F*","72","0.790","(28th)","-0.612","(57th)","-2.155","(65th)","2.949","(9th)","0.971","(T54)"
"CUT","Ben Silverman","-2","-","71","-","-","-","-","-","","","","",""
"CUT","Brian Campbell","-2","-","71","-","-","-","-","-","","","","",""
"CUT","Adam Schenk","-2","-","70","-","-","-","-","-","","","","",""
"CUT","Max McGreevy","-2","-","66","-","-","-","-","-","","","","",""
"CUT","Gordon Sargent","-2","-","67","-","-","-","-","-","","","","",""
"CUT","Luke Clanton","-2","-","68","-","-","-","-","-","","","","",""
"CUT","Keita Nakajima","-2","-","73","-","-","-","-","-","","","","",""
"CUT","Preston Stout","(a)","-2","-","71","-","-","-","-","-","","","",""
"CUT","Rasmus Højgaard","-2","-","71","-","-","-","-","-","","","","",""
"CUT","Harry Higgs","-2","-","71","-","-","-","-","-","","","","",""
"CUT","Tyler Duncan","-2","-","70","-","-","-","-","-","","","","",""
"CUT","Mac Meissner","-2","-","67","-","-","-","-","-","","","","",""
"CUT","Ryan Brehm","-2","-","66","-","-","-","-","-","","","","",""
"CUT","William Mouw","-2","-","69","-","-","-","-","-","","","","",""
"CUT","Stephan Jaeger","-2","-","70","-","-","-","-","-","","","","",""
"CUT","Adrien Dumont de Chassart","-2","-","71","-","-","-","-","-","","","","",""
"CUT","Marcelo Rozo","-2","-","73","-","-","-","-","-","","","","",""
"CUT","Hayden Springer","-2","-","69","-","-","-","-","-","","","","",""
"CUT","Doug Ghim","-1","-","72","-","-","-","-","-","","","","",""
"CUT","Taylor Moore","-1","-","71","-","-","-","-","-","","","","",""
"CUT","Sungjae Im","-1","-","70","-","-","-","-","-","","","","",""
"CUT","Steven Fisk","-1","-","71","-","-","-","-","-","","","","",""
"CUT","Matthieu Pavon","-1","-","69","-","-","-","-","-","","","","",""
"CUT","Luke List","-1","-","70","-","-","-","-","-","","","","",""
"CUT","Ben James","-1","-","71","-","-","-","-","-","","","","",""
"CUT","Ryder Cowan","(a)","-1","-","68","-","-","-","-","-","","","",""
"CUT","Adam Svensson","E","-","74","-","-","-","-","-","","","","",""
"CUT","Takumi Kanaya","E","-","69","-","-","-","-","-","","","","",""
"CUT","Aldrich Potgieter","E","-","65","-","-","-","-","-","","","","",""
"CUT","Charley Hoffman","E","-","69","-","-","-","-","-","","","","",""
"CUT","Johnny Keefer","E","-","66","-","-","-","-","-","","","","",""
"CUT","Griffin Wood","E","-","70","-","-","-","-","-","","","","",""
"CUT","Sihan Sandhu","(a)","E","-","71","-","-","-","-","-","","","",""
"CUT","Dylan Wu","E","-","67","-","-","-","-","-","","","","",""
"CUT","Erik van Rooyen","E","-","68","-","-","-","-","-","","","","",""
"CUT","Joe Highsmith","E","-","71","-","-","-","-","-","","","","",""
"CUT","Adam Hadwin","E","-","73","-","-","-","-","-","","","","",""
"CUT","Chad Ramey","E","-","70","-","-","-","-","-","","","","",""
"CUT","Cameron Champ","+1","-","71","-","-","-","-","-","","","","",""
"CUT","Brice Garnett","+1","-","70","-","-","-","-","-","","","","",""
"CUT","Nick Dunlap","+1","-","70","-","-","-","-","-","","","","",""
"CUT","Tony Finau","+1","-","69","-","-","-","-","-","","","","",""
"CUT","Ben Martin","+1","-","71","-","-","-","-","-","","","","",""
"CUT","Justin Lower","+1","-","73","-","-","-","-","-","","","","",""
"CUT","David Lipsky","+1","-","73","-","-","-","-","-","","","","",""
"CUT","Jackson Suber","+1","-","75","-","-","-","-","-","","","","",""
"CUT","Christo Lamprecht","+1","-","73","-","-","-","-","-","","","","",""
"CUT","Sudarshan Yellamaraju","+1","-","72","-","-","-","-","-","","","","",""
"CUT","Garrick Higgo","+1","-","71","-","-","-","-","-","","","","",""
"CUT","Andrew Putnam","+1","-","74","-","-","-","-","-","","","","",""
"CUT","Tom Hoge","+2","-","76","-","-","-","-","-","","","","",""
"CUT","Stefano Mazzoli","+2","-","69","-","-","-","-","-","","","","",""
"CUT","Paul Peterson","+2","-","72","-","-","-","-","-","","","","",""
"CUT","Thorbjørn Olesen","+2","-","75","-","-","-","-","-","","","","",""
"CUT","Davis Riley","+2","-","68","-","-","-","-","-","","","","",""
"CUT","Taylor Pendrith","+2","-","74","-","-","-","-","-","","","","",""
"CUT","Karl Vilips","+2","-","75","-","-","-","-","-","","","","",""
"CUT","Cam Davis","+2","-","73","-","-","-","-","-","","","","",""
"CUT","Nick Hardy","+2","-","73","-","-","-","-","-","","","","",""
"CUT","Jeremy Paul","+3","-","70","-","-","-","-","-","","","","",""
"CUT","David Skinns","+3","-","70","-","-","-","-","-","","","","",""
"CUT","Rafael Campos","+3","-","73","-","-","-","-","-","","","","",""
"CUT","Danny Walker","+3","-","73","-","-","-","-","-","","","","",""
"CUT","Alejandro Tosti","+3","-","70","-","-","-","-","-","","","","",""
"CUT","Max Homa","+4","-","74","-","-","-","-","-","","","","",""
"CUT","Patrick Rodgers","+4","-","69","-","-","-","-","-","","","","",""
"CUT","Brannon Fahrny","+4","-","74","-","-","-","-","-","","","","",""
"CUT","Matt Kuchar","+5","-","72","-","-","-","-","-","","","","",""
"CUT","Cooper Schultz","+5","-","76","-","-","-","-","-","","","","",""
"CUT","Pierceson Coody","+6","-","79","-","-","-","-","-","","","","",""
"CUT","Thomas Campbell","+6","-","76","-","-","-","-","-","","","","",""
"CUT","Jeevan Sihota","+6","-","77","-","-","-","-","-","","","","",""
"CUT","Peter Malnati","+7","-","77","-","-","-","-","-","","","","",""
"CUT","Aaron Wise","+7","-","77","-","-","-","-","-","","","","",""
"CUT","Kensei Hirata","+8","-","72","-","-","-","-","-","","","","",""
"CUT","Brandt Snedeker","+8","-","74","-","-","-","-","-","","","","",""
"CUT","Nicholas Lindheim","+10","-","77","-","-","-","-","-","","","","",""
"WD","Patton Kizzire","-","-","-","-","-","-","-","-","","","","",""