POS,PLAYER,TOTAL,Round,R1,R2,R3,STROKES
1,Jackson Koivun,-20,-10,64,68,61,193
T2,Emiliano Grillo,-17,-6,64,67,65,196
T2,Ben Kohles,-17,-6,62,69,65,196
T4,Chandler Phillips,-16,-5,66,65,66,197
T4,Michael Brennan,-16,-8,65,69,63,197
T6,Denny McCarthy,-15,-7,66,68,64,198
T6,Michael Kim,-15,-1,69,59,70,198
T6,Billy Horschel,-15,-6,67,66,65,198
T9,Scottie Scheffler,-14,-7,65,70,64,199
T9,Brian Harman,-14,-5,69,64,66,199
T9,Davis Thompson,-14,-8,68,68,63,199
T9,Seamus Power,-14,-8,68,68,63,199
T13,Hideki Matsuyama,-13,-6,70,65,65,200
T13,Lee Hodges,-13,-6,68,67,65,200
T15,Zac Blair,-12,-3,68,65,68,201
T15,Davis Chatfield,-12,-7,69,68,64,201
T15,Kevin Yu,-12,-5,69,66,66,201
T15,Troy Merritt,-12,-2,66,66,69,201
T19,Gary Woodland,-11,-4,64,71,67,202
T19,Chandler Blanchet,-11,-4,67,68,67,202
T21,Zecheng Dou,-10,-4,67,69,67,203
T21,Austin Smotherman,-10,-3,68,67,68,203
T21,Kurt Kitayama,-10,-5,68,69,66,203
T21,Hank Lebioda,-10,-6,69,69,65,203
T21,Kevin Roy,-10,-3,65,70,68,203
T21,Chris Kirk,-10,-7,70,69,64,203
T21,Casey Jarvis,-10,-5,71,66,66,203
T28,Patrick Fishburn,-9,-5,70,68,66,204
T28,Christiaan Bezuidenhout,-9,-2,68,67,69,204
T28,Tom Kim,-9,-4,68,69,67,204
T28,Rasmus Neergaard-Petersen,-9,-5,66,72,66,204
T28,Kevin Streelman,-9,-2,67,68,69,204
T28,Vince Whaley,-9,-3,67,69,68,204
T28,Mark Hubbard,-9,-6,70,69,65,204
T28,John VanDerLaan,-9,-5,67,71,66,204
T28,Jesper Svensson,-9,-1,65,69,70,204
T28,Keith Mitchell,-9,-4,68,69,67,204
T28,Ricky Castillo,-9,-6,71,68,65,204
T28,Kristoffer Ventura,-9,-5,72,66,66,204
T28,Beau Hossler,-9,-4,69,68,67,204
T41,Joel Dahmen,-8,-5,70,69,66,205
T41,Corey Conners,-8,-5,70,69,66,205
T41,Neal Shipley,-8,-5,70,69,66,205
T41,Zach Bauchou,-8,-5,70,69,66,205
T45,Jake Knapp,-7,-3,68,70,68,206
T45,Jordan Smith,-7,-4,71,68,67,206
T45,Mackenzie Hughes,-7,-3,71,67,68,206
T45,Jimmy Stanger,-7,-4,69,70,67,206
T49,John Parry,-6,-2,69,69,69,207
T49,Camilo Villegas,-6,-2,69,69,69,207
T49,Lucas Glover,-6,1,65,70,72,207
T49,Austin Eckroat,-6,0,69,67,71,207
T49,Trace Crowe,-6,-3,67,72,68,207
T54,Max Greyserman,-5,-2,69,70,69,208
T54,Pontus Nyholm,-5,0,68,69,71,208
T54,Matti Schmid,-5,-2,67,72,69,208
T54,A.J. Ewart,-5,-1,69,69,70,208
T54,Haotong Li,-5,1,68,68,72,208
T59,Maverick McNealy,-4,1,71,66,72,209
T59,Muzzy Donohue,-4,2,73,63,73,209
T59,Lanto Griffin,-4,0,70,68,71,209
T59,Jeffrey Kang,-4,1,67,70,72,209
T63,Sam Stevens,-3,2,68,69,73,210
T63,Will Gordon,-3,1,68,70,72,210
T63,Rico Hoey,-3,0,67,72,71,210
T63,Fabián Gómez,-3,1,71,67,72,210
CUT,Ben Silverman,-2,-,69,71,-,140
CUT,Brian Campbell,-2,-,69,71,-,140
CUT,Adam Schenk,-2,-,70,70,-,140
CUT,Max McGreevy,-2,-,74,66,-,140
CUT,Gordon Sargent,-2,-,73,67,-,140
CUT,Luke Clanton,-2,-,72,68,-,140
CUT,Keita Nakajima,-2,-,67,73,-,140
CUT,Rasmus Højgaard,-2,-,69,71,-,140
CUT,Harry Higgs,-2,-,69,71,-,140
CUT,Tyler Duncan,-2,-,70,70,-,140
CUT,Mac Meissner,-2,-,73,67,-,140
CUT,Ryan Brehm,-2,-,74,66,-,140
CUT,William Mouw,-2,-,71,69,-,140
CUT,Stephan Jaeger,-2,-,70,70,-,140
CUT,Adrien Dumont de Chassart,-2,-,69,71,-,140
CUT,Marcelo Rozo,-2,-,67,73,-,140
CUT,Hayden Springer,-2,-,71,69,-,140
CUT,Doug Ghim,-1,-,69,72,-,141
CUT,Taylor Moore,-1,-,70,71,-,141
CUT,Sungjae Im,-1,-,71,70,-,141
CUT,Steven Fisk,-1,-,70,71,-,141
CUT,Matthieu Pavon,-1,-,72,69,-,141
CUT,Luke List,-1,-,71,70,-,141
CUT,Ben James,-1,-,70,71,-,141
CUT,Adam Svensson,0,-,68,74,-,142
CUT,Takumi Kanaya,0,-,73,69,-,142
CUT,Aldrich Potgieter,0,-,77,65,-,142
CUT,Charley Hoffman,0,-,73,69,-,142
CUT,Johnny Keefer,0,-,76,66,-,142
CUT,Griffin Wood,0,-,72,70,-,142
CUT,Dylan Wu,0,-,75,67,-,142
CUT,Erik van Rooyen,0,-,74,68,-,142
CUT,Joe Highsmith,0,-,71,71,-,142
CUT,Adam Hadwin,0,-,69,73,-,142
CUT,Chad Ramey,0,-,72,70,-,142
CUT,Cameron Champ,1,-,72,71,-,143
CUT,Brice Garnett,1,-,73,70,-,143
CUT,Nick Dunlap,1,-,73,70,-,143
CUT,Tony Finau,1,-,74,69,-,143
CUT,Ben Martin,1,-,72,71,-,143
CUT,Justin Lower,1,-,70,73,-,143
CUT,David Lipsky,1,-,70,73,-,143
CUT,Jackson Suber,1,-,68,75,-,143
CUT,Christo Lamprecht,1,-,70,73,-,143
CUT,Sudarshan Yellamaraju,1,-,71,72,-,143
CUT,Garrick Higgo,1,-,72,71,-,143
CUT,Andrew Putnam,1,-,69,74,-,143
CUT,Tom Hoge,2,-,68,76,-,144
CUT,Stefano Mazzoli,2,-,75,69,-,144
CUT,Paul Peterson,2,-,72,72,-,144
CUT,Thorbjørn Olesen,2,-,69,75,-,144
CUT,Davis Riley,2,-,76,68,-,144
CUT,Taylor Pendrith,2,-,70,74,-,144
CUT,Karl Vilips,2,-,69,75,-,144
CUT,Cam Davis,2,-,71,73,-,144
CUT,Nick Hardy,2,-,71,73,-,144
CUT,Jeremy Paul,3,-,75,70,-,145
CUT,David Skinns,3,-,75,70,-,145
CUT,Rafael Campos,3,-,72,73,-,145
CUT,Danny Walker,3,-,72,73,-,145
CUT,Alejandro Tosti,3,-,75,70,-,145
CUT,Max Homa,4,-,72,74,-,146
CUT,Patrick Rodgers,4,-,77,69,-,146
CUT,Brannon Fahrny,4,-,72,74,-,146
CUT,Matt Kuchar,5,-,75,72,-,147
CUT,Cooper Schultz,5,-,71,76,-,147
CUT,Pierceson Coody,6,-,69,79,-,148
CUT,Thomas Campbell,6,-,72,76,-,148
CUT,Jeevan Sihota,6,-,71,77,-,148
CUT,Peter Malnati,7,-,72,77,-,149
CUT,Aaron Wise,7,-,72,77,-,149
CUT,Kensei Hirata,8,-,78,72,-,150
CUT,Brandt Snedeker,8,-,76,74,-,150
CUT,Nicholas Lindheim,10,-,75,77,-,152
CUT,Preston Stout,-,-,-,69,-,-
CUT,Ryder Cowan,-,-,-,73,-,-
CUT,Sihan Sandhu,-,-,-,71,-,-
WD,Patton Kizzire,-,-,77,-,-,77
