position,player_name,course,score,thru,today,sg_ott,distance,accuracy,sg_app,gir,prox_fw,prox_rgh,sg_putt,sg_arg,scrambling,great_shots,poor_shots,sg_total,sg_t2g,sg_bs
1,"Kim, Michael",AN,-14,18,-12,0.425,287.25,0.6785749999999999,1.705,0.75,24.2566,39.50111428571428,3.275,0.5700000000000001,0.8999980000000001,4.5,2,5.98,2.705,2.13
T2,"Kohles, Ben",AN,-11,18,-2,0.56,279.4,0.7857149999999999,3.25,0.805555,23.583242857142857,52.2363,1.35,-0.6799999999999999,0.7000029999999999,4.5,2,4.48,3.1300000000000003,3.81
T2,"Grillo, Emiliano",AN,-11,18,-4,0.23500000000000001,285.1,0.67857,1.15,0.805555,39.28705925925926,55.72545,1.93,1.17,1,3.5,2,4.48,2.5500000000000003,1.385
T2,"Phillips, Chandler",AN,-11,18,-6,-0.33999999999999997,282.75,0.642855,0.39499999999999996,0.6666700000000001,28.034489285714287,79.3786625,2.9050000000000002,1.51,0.9230776923076923,8.5,4,4.48,1.57,0.05499999999999999
T5,"Koivun, Jackson",AN,-10,18,-3,0.46499999999999997,288.65,0.75,2.085,0.805555,24.183762068965517,113.21656,1.595,-0.16499999999999998,0.8571442857142857,4,1.5,3.98,2.385,2.55
T5,"Merritt, Troy",AN,-10,18,-5,0.095,289.35,0.7142850000000001,3,0.805555,24.377125,46.539333333333325,0.41,0.475,0.875,3,3,3.9800000000000004,3.5700000000000003,3.1
T7,"Blair, Zac",AN,-9,18,-6,-0.255,278.65,0.7857149999999999,1.42,0.722225,27.531100000000002,62.292224999999995,2.23,0.08500000000000002,0.799998,4,2,3.4799999999999995,1.245,1.16
T7,"Horschel, Billy",AN,-9,18,-5,1.13,289.79999999999995,0.7857149999999999,1.475,0.75,28.907455555555554,30.58834,0.885,-0.015,0.9166675,5.5,2,3.48,2.595,2.605
T7,"Harman, Brian",AN,-9,18,-7,0.52,285.4,0.64286,1.04,0.7222200000000001,25.40439655172414,40.9829,0.5900000000000001,1.325,1,2.5,0.5,3.48,2.8850000000000002,1.56
T10,"Svensson, Jesper",AN,-8,18,-2,1.065,301.95,0.67857,0.385,0.722225,31.80847777777778,62.106899999999996,0.88,0.6449999999999999,0.5714299999999999,7.5,4,2.98,2.1,1.45
T10,"Brennan, Michael",AN,-8,18,-2,0.37499999999999994,303.65517241379314,0.57143,2.855,0.75,23.942454166666664,38.60291111111111,0.475,-0.725,0.6923076923076923,5.5,3,2.98,2.505,3.23
T10,"McCarthy, Denny",AN,-8,18,-3,-0.665,280.6,0.607145,1.9000000000000001,0.6666650000000001,31.285895652173913,44.52759999999999,1.0499999999999998,0.695,0.71429,3.5,2.5,2.98,1.9300000000000002,1.235
T13,"Bezuidenhout, Christiaan",AN,-7,18,-4,0.5499999999999999,284.7,0.6785749999999999,1.365,0.8333349999999999,28.274241379310347,24.554520000000004,0.7350000000000001,-0.16999999999999998,0.75000125,3,1.5,2.48,1.745,1.915
T13,"Yu, Kevin",AN,-7,18,-5,-0.19499999999999998,288.65,0.607145,0.62,0.6666650000000001,28.2399,53.8831,1.33,0.72,0.8333333333333333,1.5,1,2.48,1.15,0.42499999999999993
T13,"Woodland, Gary",AN,-7,18,0,0.5750000000000001,296.35,0.7857149999999999,0.935,0.72222,24.6635,18.12415,1.035,-0.06500000000000006,0.75,5,2.5,2.48,1.44,1.51
T13,"Streelman, Kevin",AN,-7,18,-3,0.5499999999999999,286.05,0.64286,1.6600000000000001,0.77778,27.60991935483871,53.03053333333333,0.305,-0.04500000000000001,0.8571442857142857,3.5,2,2.48,2.175,2.215
T13,"Smotherman, Austin",AN,-7,18,-4,-1.24,290.3,0.607145,2.975,0.86111,24.99831851851852,30.64071428571428,0.8999999999999999,-0.15,0.8,5.5,4.5,2.48,1.5799999999999998,1.73
T13,"Hodges, Lee",AN,-7,18,-4,0.515,282.15,0.71429,1.045,0.86111,24.951426666666666,103.01495,1.1800000000000002,-0.265,0.8333349999999999,4,0.5,2.48,1.295,1.56
T13,"Scheffler, Scottie",AN,-7,18,-1,1.31,296.25,0.75,0.21999999999999997,0.75,26.635423076923075,26.37808571428571,1.98,-1.03,0.8571442857142857,4,2.5,2.48,0.49999999999999994,1.535
T13,"Matsuyama, Hideki",AN,-7,18,-6,0.8250000000000001,291.2,0.7857149999999999,-0.5899999999999999,0.722225,21.726799999999997,151.71025,1.04,1.205,0.8,4.5,3.5,2.48,1.4349999999999998,0.23499999999999988
T13,"Glover, Lucas",AN,-7,18,-1,0.14,282.25,0.7142850000000001,2.06,0.694445,28.21586,49.358787500000005,-0.025000000000000022,0.3,0.733336,2.5,2,2.48,2.5,2.205
T13,"Roy, Kevin",AN,-7,18,-1,1.44,289.6,0.7857149999999999,0.5700000000000001,0.63889,28.599966666666667,111.998,0.5,-0.030000000000000027,0.7692307692307692,3.5,2.5,2.48,1.98,2.01
T13,"Blanchet, Chandler",AN,-7,18,-3,1.1,284.29999999999995,0.8214250000000001,1.385,0.86111,29.49575,43.11823333333333,0.28,-0.29000000000000004,0.42857142857142855,4,1.5,2.48,2.2,2.4899999999999998
T24,"Eckroat, Austin",AN,-6,18,-4,-0.74,290.25,0.6785749999999999,1.98,0.63889,26.132462068965516,58.9389,0.61,0.13,0.909089090909091,3,4.5,1.98,1.37,1.24
T24,"Thompson, Davis",AN,-6,18,-3,0.935,295.45000000000005,0.57143,2.4000000000000004,0.805555,22.83183448275862,52.28098571428572,-1.03,-0.32999999999999996,0.49999875,5,3.5,1.98,3.01,3.335
T24,"Power, Seamus",AN,-6,18,-3,-0.675,289.4,0.57143,2.43,0.75,22.817,58.57196,-0.665,0.885,0.7500025,4,2.5,1.98,2.645,1.755
T24,"Li, Haotong",AN,-6,18,-3,0.13,292.75,0.5357149999999999,2.33,0.805555,21.266224,55.92788571428572,-0.35000000000000003,-0.13999999999999999,0.700001,4,2.5,1.98,2.33,2.465
T24,"Donohue, Muzzy",AN,-6,18,-8,-0.995,292.02,0.60714,1.21,0.77778,39.706266666666664,30.2742,1.0550000000000002,0.71,0.7272709090909091,6,3,1.9799999999999998,0.925,0.21499999999999986
T24,"Whaley, Vince",AN,-6,18,-2,-0.265,288.8,0.5,0.505,0.66667,32.506428,65.92920000000001,1.305,0.43499999999999994,0.6666666666666666,5,3,1.98,0.675,0.24
T24,"Dou, Zecheng",AN,-6,18,-2,0.98,289.75,0.71429,-0.885,0.75,30.568145161290317,48.51966,0.95,0.935,0.8999980000000001,3,1,1.98,1.03,0.095
T31,"Stevens, Sam",AN,-5,18,-2,0.5599999999999999,292.25,0.607145,0.5750000000000001,0.75,28.984944444444444,44.210525,1.4,-1.055,0.6363627272727272,5,3,1.48,0.07999999999999999,1.135
T31,"Kitayama, Kurt",AN,-5,18,-2,1.4700000000000002,294,0.7857149999999999,-0.45,0.63889,29.58365714285714,36.709266666666664,0.43500000000000005,0.020000000000000004,0.800002,2,2,1.48,1.045,1.025
T31,"McNealy, Maverick",AN,-5,18,-5,0.925,294.65,0.6785749999999999,1,0.8333349999999999,27.978516000000003,37.580524999999994,-0.16499999999999992,-0.285,0.6666700000000001,5,3.5,1.48,1.645,1.925
T31,"Kim, Tom",AN,-5,18,-2,0.32999999999999996,286.6,0.75,2.08,0.6666650000000001,26.384293333333336,53.04296,-1.3900000000000001,0.46,0.75,1.5,2,1.48,2.87,2.41
T31,"Jarvis, Casey",AN,-5,18,-5,1.445,295.45,0.7142850000000001,0.755,0.63889,30.153520689655174,45.35165,-1.4600000000000002,0.745,0.7857164285714286,4,3,1.48,2.94,2.1950000000000003
T31,"Nyholm, Pontus",AN,-5,18,-2,0.12000000000000005,304.05,0.5357149999999999,0.9650000000000001,0.722225,25.21813076923077,60.57818999999999,0.7,-0.305,0.6000019999999999,3,3,1.48,0.78,1.085
T31,"Chatfield, Davis",AN,-5,18,-3,-0.355,274.29999999999995,0.7857149999999999,0.88,0.805555,28.224173076923076,56.77678571428571,0.635,0.32,0.49999875,4,4,1.48,0.845,0.525
T31,"Mitchell, Keith",AN,-5,18,-2,1.345,306.85,0.67857,1.025,0.7777799999999999,28.09066153846154,36.5139625,-0.17500000000000004,-0.72,0.6428571428571428,4,3.5,1.48,1.6500000000000001,2.37
T31,"Hossler, Beau",AN,-5,18,-3,0.06999999999999995,284.2,0.67857,1.085,0.75,23.63277037037037,53.32876,0.695,-0.365,0.6363663636363637,5.5,2,1.48,0.7849999999999999,1.155
T31,"Kang, Jeffrey",AN,-5,18,-1,-0.32999999999999996,282.5,0.607145,0.29500000000000004,0.6666700000000001,26.7782,60.32828888888889,0.8550000000000001,0.665,0.8181845454545454,5,3.5,1.48,0.625,-0.039999999999999925
T41,"Lebioda, Hank",AN,-4,18,-2,-0.84,286.35,0.607145,1.865,0.7222200000000001,21.077274074074072,42.4053,-0.505,0.47000000000000003,0.8888888888888888,2.5,2,0.98,1.485,1.0150000000000001
T41,"Griffin, Lanto",AN,-4,18,-3,-0.31,278.5,0.607145,0.65,0.72222,30.1187,56.47688000000001,-0.875,1.51,0.9166650000000001,3,1,0.98,1.855,0.345
T41,"Gordon, Will",AN,-4,18,-1,-0.18000000000000002,284.45,0.6785749999999999,1.5350000000000001,0.805555,24.291912903225807,71.05662000000001,-0.415,0.034999999999999976,0.6363654545454545,3,3.5,0.9799999999999999,1.39,1.3599999999999999
T41,"Gomez, Fabian",AN,-4,18,-4,0.28500000000000003,284.35,0.75,0.8400000000000001,0.75,27.500417241379314,70.09106666666666,-1.0150000000000001,0.865,0.6000000000000001,4,1.5,0.98,1.99,1.125
T41,"Neergaard-Petersen, Rasmus",AN,-4,18,1,1.17,292.75,0.75,-0.98,0.63889,34.10645,72.9944,-0.71,1.505,0.7647047058823528,4.5,2.5,0.9800000000000002,1.6900000000000002,0.18500000000000005
T41,"Parry, John",AN,-4,18,-2,0.49,294.1,0.71429,0.415,0.75,32.864999999999995,44.47055,-0.605,0.6900000000000001,0.75,3,4,0.98,1.585,0.9
T41,"Ventura, Kristoffer",AN,-4,18,-5,-0.25,299.6724137931035,0.67857,2.0300000000000002,0.7777799999999999,23.020132258064518,79.97477999999998,-0.44499999999999995,-0.355,0.7142857142857144,4,3.5,0.9800000000000001,1.425,1.7799999999999998
T41,"Hughes, Mackenzie",AN,-4,18,-4,-0.595,292.1,0.5,0.395,0.75,23.675387999999998,70.94910909090908,0.8150000000000001,0.36,0.88889,2,3.5,0.98,0.15999999999999998,-0.2
T41,"Knapp, Jake",AN,-4,18,-1,1.07,301.9,0.67857,1.22,0.75,27.178514285714286,70.80142857142857,-0.195,-1.1199999999999999,0.45454272727272726,4.5,3.5,0.9799999999999999,1.1749999999999998,2.29
T41,"Villegas, Camilo",AN,-4,18,-2,-0.465,281.54999999999995,0.5357149999999999,0.14,0.61111,30.2547,42.14261428571429,0.71,0.595,0.6923076923076923,6.5,2.5,0.98,0.27,-0.32499999999999996
T41,"Fishburn, Patrick",AN,-4,18,-3,0.46499999999999997,292.5,0.75,-0.89,0.72222,33.14025161290323,68.0691,2.25,-0.85,0.6666650000000001,5,3.5,0.98,-1.27,-0.42499999999999993
T41,"Ewart, A.J.",AN,-4,18,-2,-1.79,287.9344827586207,0.5357149999999999,1.42,0.694445,30.56953846153846,52.7573,2.1950000000000003,-0.8350000000000001,0.7499983333333333,3.5,4.5,0.98,-1.215,-0.37499999999999994
T41,"VanDerLaan, John",AN,-4,18,0,-0.08000000000000002,288.95,0.607145,0.21,0.75,34.61085,54.62855714285713,-0.09999999999999998,0.9500000000000001,0.625,4,2,0.9799999999999999,1.08,0.12999999999999995
T54,"Schmid, Matti",AN,-3,18,1,0.14,295.15,0.57143,1.64,0.88889,30.414058333333337,36.0606,-1.6949999999999998,0.39,0.4285728571428571,3.5,3,0.48,2.175,1.78
T54,"Castillo, Ricky",AN,-3,18,-3,-0.34,300.45,0.464285,-1.035,0.583335,30.907772727272725,39.12455,0.54,1.315,0.7142885714285714,5,3,0.4799999999999999,-0.06000000000000005,-1.385
T54,"Dahmen, Joel",AN,-3,18,-2,-0.345,284.79999999999995,0.78571,1.5150000000000001,0.72222,32.03129333333333,11.0753,-0.63,-0.065,0.6363645454545455,3.5,5.5,0.48,1.11,1.17
T54,"Stanger, Jimmy",AN,-3,18,-1,0.30000000000000004,300.55,0.57143,-0.34,0.72222,37.69837391304348,34.0625,0.655,-0.135,0.6153823076923077,3.5,3.5,0.48000000000000004,-0.175,-0.040000000000000036
T54,"Shipley, Neal",AN,-3,18,-2,1.025,295.8,0.607145,0.8849999999999999,0.72222,27.793349999999997,46.61345,-0.8049999999999999,-0.625,0.6363654545454545,4,2.5,0.48,1.285,1.9100000000000001
T54,"Greyserman, Max",AN,-3,18,-1,1.15,301.20000000000005,0.607145,-0.42000000000000004,0.58333,31.276518518518515,47.581557142857136,0.09000000000000002,-0.34,0.6111077777777778,1.5,2,0.48000000000000004,0.385,0.73
T54,"Smith, Jordan",AN,-3,18,-3,0.88,297.2,0.75,0.9550000000000001,0.805555,26.660317857142857,90.512,-0.7949999999999999,-0.5650000000000001,0.4545472727272727,3.5,3.5,0.4799999999999999,1.27,1.835
T54,"Hoey, Rico",AN,-3,18,1,0.33499999999999996,292.25,0.64286,-1.0050000000000001,0.694445,27.86584074074074,59.33915714285713,0.135,1.0150000000000001,0.7142871428571428,2.5,3,0.48,0.345,-0.6700000000000002
T54,"Hubbard, Mark",AN,-3,18,-2,0.995,289.95,0.67857,0.745,0.61111,30.67455,66.94034,-0.29000000000000004,-0.975,0.6470570588235294,2,2.5,0.48,0.77,1.75
T54,"Conners, Corey",AN,-3,18,-2,1.5550000000000002,292.95,0.7857149999999999,-0.21500000000000002,0.75,32.59110666666667,28.941340000000004,-1.26,0.39999999999999997,0.6000019999999999,3.5,2.5,0.48,1.74,1.3399999999999999
T54,"Kirk, Chris",AN,-3,18,-2,0.10999999999999999,286.6,0.7142850000000001,0.885,0.805555,32.91603103448276,65.64341428571429,-0.245,-0.27999999999999997,0.5,4,3,0.48,0.72,0.995
T54,"Bauchou, Zach",AN,-3,18,-2,0.20000000000000007,292.45,0.60714,-1.585,0.58333,28.732884615384616,57.15383,1.475,0.39,0.81250125,2,3.5,0.48,-0.9950000000000001,-1.3850000000000002
T54,"Crowe, Trace",AN,-3,18,1,0.355,297.70000000000005,0.607145,-0.25,0.72222,24.585660869565217,74.65363333333333,1.43,-1.045,0.5333326666666667,4,3.5,0.48,-0.95,0.09499999999999999
T67,"Silverman, Ben",AN,-2,18,0,0.615,285.25,0.75,0.51,0.6666650000000001,36.70643103448276,35.483266666666665,-0.41500000000000004,-0.73,0.6470594117647058,2.5,1.5,-0.020000000000000018,0.395,1.12
T67,"Campbell, Brian",AN,-2,18,0,0.04999999999999999,276.8,0.85714,-0.06999999999999995,0.694445,29.403132258064517,68.90306666666666,-0.585,0.5900000000000001,0.6363663636363637,2.5,2.5,-0.020000000000000018,0.565,-0.020000000000000018
T67,"Schenk, Adam",AN,-2,18,-1,0.05999999999999994,293.29999999999995,0.75,-0.14,0.72222,24.888677777777776,36.84388571428571,0.835,-0.77,0.6153846153846154,3,4.5,-0.019999999999999997,-0.855,-0.07999999999999999
T67,"McGreevy, Max",AN,-2,18,-5,0.495,289.04999999999995,0.7142850000000001,-0.9,0.61111,31.562614814814815,26.03532857142857,-0.545,0.9249999999999999,0.750000625,2,3.5,-0.020000000000000018,0.5250000000000001,-0.405
T67,"Sargent, Gordon",AN,-2,18,-4,1.52,299.79999999999995,0.82143,-2.9050000000000002,0.63889,39.53555,92.88396666666667,0.995,0.37,0.6470605882352941,2.5,4.5,-0.020000000000000018,-1.0150000000000001,-1.385
T67,"Clanton, Luke",AN,-2,18,-3,0.42,282.5,0.7142850000000001,0.895,0.77778,33.518100000000004,32.8769,-0.43999999999999995,-0.895,0.5384615384615385,4,1.5,-0.020000000000000018,0.42000000000000004,1.315
T67,"Nakajima, Keita",AN,-2,18,2,0.16499999999999998,293.75,0.57143,1.025,0.7222200000000001,27.966460869565218,53.26791111111112,-0.88,-0.335,0.6428592857142857,4.5,4.5,-0.020000000000000018,0.8599999999999999,1.1949999999999998
T67,"Stout, Preston",AN,-2,18,0,0.89,291.9,0.6785749999999999,-0.635,0.722225,28.835046666666663,95.07328749999999,-0.23500000000000004,-0.044999999999999984,0.7,2,3.5,-0.020000000000000018,0.215,0.26
T67,"Hojgaard, Rasmus",AN,-2,18,0,0.20499999999999996,305.04999999999995,0.5,-0.05499999999999999,0.7222200000000001,27.2953,56.93404444444444,0,-0.17500000000000004,0.5454572727272727,3,2,-0.020000000000000018,-0.01999999999999999,0.15500000000000003
T67,"Higgs, Harry",AN,-2,18,0,0.065,291.1,0.6785749999999999,0.535,0.63889,30.591307692307694,64.13434285714285,-0.45499999999999996,-0.165,0.562503125,3.5,3.5,-0.020000000000000018,0.43500000000000005,0.6
T67,"Duncan, Tyler",AN,-2,18,-1,1.065,288.05,0.7857149999999999,-0.28500000000000003,0.75,36.5566,58.7333,-0.745,-0.06,0.6666691666666666,4,4,-0.019999999999999997,0.72,0.7849999999999999
T67,"Meissner, Mac",AN,-2,18,-4,-0.12499999999999997,288,0.60714,-0.45999999999999996,0.61111,29.564966666666667,53.85591999999999,0.125,0.43999999999999995,0.7058811764705883,3,3.5,-0.020000000000000018,-0.14500000000000002,-0.585
T67,"Brehm, Ryan",AN,-2,18,-5,-0.96,295.15,0.5,-0.495,0.63889,25.904570000000003,50.636153846153846,1.95,-0.52,0.6470564705882353,6,4,-0.020000000000000018,-1.9699999999999998,-1.4549999999999998
T67,"Mouw, William",AN,-2,18,-2,0.865,292.55,0.75,2.17,0.694445,24.690150000000003,51.789566666666666,-2.8,-0.25,0.6363636363636364,2.5,5.5,-0.020000000000000018,2.7800000000000002,3.0349999999999997
T67,"Jaeger, Stephan",AN,-2,18,-1,-1.52,288.65,0.57143,1.655,0.6111150000000001,32.44045,46.087900000000005,-1.1099999999999999,0.955,0.7857149999999999,6,5.5,-0.019999999999999997,1.09,0.13
T67,"Dumont De Chassart, Adrien",AN,-2,18,0,-0.785,292.9,0.5357149999999999,0.43499999999999994,0.75,28.485284,45.986,-0.43499999999999994,0.765,0.8181818181818181,3,3.5,-0.020000000000000018,0.41500000000000004,-0.35
T67,"Rozo, Marcelo",AN,-2,18,2,0.825,284.45,0.7857149999999999,0.275,0.722225,35.31032142857143,40.7093,-0.355,-0.765,0.6428571428571428,2.5,4.5,-0.020000000000000018,0.33,1.1
T67,"Springer, Hayden",AN,-2,18,-2,-0.025000000000000022,290.7034482758621,0.71429,-0.21999999999999997,0.694445,26.98546875,82.331375,0.30000000000000004,-0.075,0.6000000000000001,3.5,3.5,-0.020000000000000018,-0.32000000000000006,-0.245
T85,"Ghim, Doug",AN,-1,18,1,-0.15499999999999997,289.25,0.5357149999999999,-0.9299999999999999,0.75,30.702333333333332,47.844536363636365,0.835,-0.27,0.699998,3,2.5,-0.5199999999999999,-1.355,-1.085
T85,"Moore, Taylor",AN,-1,18,0,-0.5700000000000001,295.20000000000005,0.57143,0.18999999999999995,0.6111150000000001,31.23305,43.50415714285714,0.7250000000000001,-0.87,0.687498125,3.5,3.5,-0.52,-1.245,-0.385
T85,"Im, Sungjae",AN,-1,18,-1,1.25,292.4,0.75,-0.7749999999999999,0.722225,32.109942857142855,38.37878,-1.07,0.08,0.7333333333333333,2.5,2,-0.52,0.5499999999999999,0.47
T85,"Fisk, Steven",AN,-1,18,0,1.25,296.5,0.7857149999999999,-2.325,0.555555,40.331513793103454,32.4759,-1.105,1.6549999999999998,0.7894715789473684,2,4,-0.52,0.585,-1.075
T85,"Pavon, Matthieu",AN,-1,18,-2,1.025,296.45,0.71429,-0.875,0.66667,29.533155555555556,47.166,-1.01,0.34,0.6666650000000001,3.5,5,-0.52,0.49,0.14499999999999996
T85,"List, Luke",AN,-1,18,-1,0.44000000000000006,299.75,0.57143,-0.435,0.722225,35.380338461538464,47.629577777777776,-0.21999999999999997,-0.30500000000000005,0.7272727272727273,2,1,-0.52,-0.29999999999999993,0.0050000000000000044
T85,"James, Ben",AN,-1,18,0,0.585,289.85,0.75,-1.415,0.63889,29.35325,60.845650000000006,0.815,-0.515,0.7142878571428573,2.5,4,-0.52,-1.3399999999999999,-0.8300000000000001
T85,"Cowan, Ryder",AN,-1,18,-3,0.10499999999999998,296.2,0.64286,0.10999999999999999,0.694445,31.954696000000006,37.64755,0.31000000000000005,-1.045,0.5714314285714286,4,3.5,-0.5200000000000001,-0.835,0.215
T93,"Svensson, Adam",AN,0,18,3,-1.06,286.5,0.464285,-0.05999999999999994,0.6666650000000001,31.71063913043478,44.44785,-0.035,0.13,0.4999975000000001,2,4.5,-1.0200000000000002,-0.99,-1.1199999999999999
T93,"Kanaya, Takumi",AN,0,18,-2,-1.36,280.35,0.464285,0.25,0.6111150000000001,26.393659090909093,52.9508,0.43,-0.33999999999999997,0.7142871428571428,2.5,3,-1.02,-1.45,-1.1099999999999999
T93,"Potgieter, Aldrich",AN,0,18,-6,-0.41999999999999993,305.94827586206895,0.6785749999999999,0.645,0.694445,32.595,42.429050000000004,0.010000000000000009,-1.255,0.533332,5,4.5,-1.02,-1.0350000000000001,0.22999999999999998
T93,"Hoffman, Charley",AN,0,18,-2,0.03,291.69310344827585,0.7142850000000001,-0.715,0.61111,27.743882758620686,81.17854000000001,0.865,-1.2,0.562499375,4,4,-1.02,-1.89,-0.6849999999999999
T93,"Keefer, Johnny",AN,0,18,-5,0.004999999999999949,305.75,0.607145,-2.6500000000000004,0.55556,28.656399999999998,36.36568571428572,1.065,0.56,0.5999986666666667,7,6,-1.0199999999999998,-2.09,-2.645
T93,"Wood, Griffin",AN,0,18,-1,0.63,302.55,0.75,-1.885,0.694445,38.827732142857144,43.01655,-0.30500000000000005,0.5449999999999999,0.599996,4,4.5,-1.02,-0.715,-1.255
T93,"Sandhu, Sihan",AN,0,18,0,-0.8,293.6,0.607145,-0.7000000000000001,0.66667,29.363527586206896,45.12031428571429,0.4,0.08,0.6666666666666666,4.5,6,-1.02,-1.4200000000000002,-1.5
T93,"Wu, Dylan",AN,0,18,-4,0.26,289.2172413793104,0.85714,-1.665,0.805555,39.12389310344828,23.16635,0.41000000000000003,-0.030000000000000027,0.5454563636363636,4,3.5,-1.0199999999999998,-1.435,-1.4050000000000002
T93,"Van Rooyen, Erik",AN,0,18,-3,-2.74,293.8724137931034,0.39286,1.07,0.6666700000000001,27.0961,46.533875,0.32999999999999996,0.32499999999999996,0.6363654545454545,3.5,3.5,-1.02,-1.3499999999999999,-1.675
T93,"Highsmith, Joe",AN,0,18,0,0.735,294.7,0.607145,-1.03,0.5,34.9525,68.99822727272726,-0.4,-0.325,0.6818150000000001,3.5,2.5,-1.02,-0.625,-0.3
T93,"Hadwin, Adam",AN,0,18,2,-0.8999999999999999,286.8827586206897,0.67857,0.17500000000000002,0.61111,30.61707586206897,38.070479999999996,-0.75,0.45000000000000007,0.87499875,2,5.5,-1.02,-0.27,-0.7249999999999999
T93,"Ramey, Chad",AN,0,18,-1,-0.175,287.50370370370365,0.666667037037037,1.19,0.6857157142857143,27.833750000000002,23.027033333333332,-0.99,-0.06500000000000006,0.7142871428571428,3,5,-0.039999999999999925,0.95,1.01
T105,"Champ, Cameron",AN,1,18,0,-0.365,296.35,0.5357149999999999,-0.010000000000000009,0.694445,30.119745833333333,45.3099,-0.615,-0.525,0.5000021428571428,2,4,-1.52,-0.905,-0.37499999999999994
T105,"Garnett, Brice",AN,1,18,-1,-0.39,281.1,0.6785749999999999,-0.18,0.6666650000000001,28.11955172413793,81.04262857142857,-0.5900000000000001,-0.36000000000000004,0.4545463636363636,4,4.5,-1.52,-0.93,-0.57
T105,"Dunlap, Nick",AN,1,18,-1,-2.19,287.25,0.428575,0.6699999999999999,0.63889,24.62705,55.62935,-0.32000000000000006,0.32,0.800003,4,5.5,-1.52,-1.2000000000000002,-1.5199999999999998
T105,"Finau, Tony",AN,1,18,-2,0.07999999999999996,296,0.607145,-0.575,0.63889,31.050955555555554,27.97704285714286,-1.4100000000000001,0.385,0.5999993333333333,3,3.5,-1.52,-0.10999999999999999,-0.5
T105,"Martin, Ben",AN,1,18,0,-0.73,287.85862068965525,0.6785749999999999,-0.21499999999999997,0.722225,30.095999999999997,49.07405,0.09000000000000002,-0.665,0.7272754545454545,2.5,3.5,-1.52,-1.615,-0.9450000000000001
T105,"Lower, Justin",AN,1,18,2,-0.4,278.54999999999995,0.71429,0.14,0.63889,37.02504242424242,98.60485,-0.9049999999999999,-0.36,0.5714285714285714,2.5,4.5,-1.52,-0.615,-0.2599999999999999
T105,"Lipsky, David",AN,1,18,2,-0.38,283.95000000000005,0.7142850000000001,-1.65,0.583335,34.337382758620684,105.08703333333332,1.25,-0.735,0.6470594117647058,2,4.5,-1.52,-2.77,-2.0300000000000002
T105,"Suber, Jackson",AN,1,18,4,-1.475,295.33103448275864,0.5357149999999999,1.26,0.7222200000000001,28.702667857142856,31.9216,-1.42,0.10999999999999999,0.800002,2,3,-1.5200000000000002,-0.09999999999999987,-0.21499999999999986
T105,"Lamprecht, Christo",AN,1,18,2,-0.735,295.4,0.42857,-0.28,0.5833349999999999,28.345999999999997,69.21784,-0.8,0.295,0.7857157142857143,3.5,6.5,-1.52,-0.72,-1.015
T105,"Yellamaraju, Sudarshan",AN,1,18,1,0.495,298.2,0.75,-1.6099999999999999,0.7222200000000001,27.988879310344828,35.22124,-0.03500000000000003,-0.375,0.6666666666666666,3.5,4,-1.52,-1.4849999999999999,-1.1099999999999999
T105,"Higgo, Garrick",AN,1,18,0,-0.425,292.6,0.67857,-2.235,0.61111,26.217746428571427,43.41112857142857,1.77,-0.63,0.8333333333333333,3.5,4.5,-1.52,-3.29,-2.66
T105,"Putnam, Andrew",AN,1,18,3,-1.4949999999999999,272.65,0.607145,-0.22000000000000003,0.75,24.97492068965517,51.643725,-0.385,0.5800000000000001,0.8888888888888888,1,3,-1.52,-1.135,-1.7149999999999999
T117,"Hoge, Tom",AN,2,18,5,0.245,289.5827586206897,0.75,0.07499999999999996,0.75,27.9304,31.800024999999998,-1.685,-0.655,0.6,2.5,5.5,-2.0200000000000005,-0.33499999999999996,0.31499999999999995
T117,"Mazzoli, Stefano",AN,2,18,-2,-0.7000000000000001,289.95000000000005,0.642855,-2.3049999999999997,0.583335,33.501120689655174,53.94614285714286,0.385,0.6,0.9166666666666667,3.5,5,-2.02,-2.405,-3.005
T117,"Peterson, Paul",AN,2,18,1,0.5700000000000001,279.1,0.75,-1.165,0.63889,26.5762,60.78268,-1.19,-0.24,0.7142878571428573,2,4.5,-2.02,-0.83,-0.6000000000000001
T117,"Olesen, Thorbjorn",AN,2,18,4,-0.42,290.6,0.607145,-1.295,0.75,31.797800000000002,40.38104,0.10499999999999998,-0.41500000000000004,0.5555566666666667,2,4.5,-2.02,-2.125,-1.7149999999999999
T117,"Riley, Davis",AN,2,18,-3,0.895,297.4,0.7142850000000001,-2.14,0.6111150000000001,34.45593076923077,51.662962500000006,-0.6099999999999999,-0.16999999999999998,0.6842078947368421,1,3,-2.02,-1.41,-1.24
T117,"Pendrith, Taylor",AN,2,18,3,-0.96,301.65,0.57143,-0.805,0.555555,27.78712222222222,35.03699999999999,-0.10999999999999999,-0.14500000000000002,0.857145,3.5,5.5,-2.02,-1.91,-1.765
T117,"Vilips, Karl",AN,2,18,4,0.16499999999999998,296.70000000000005,0.5357149999999999,0,0.583335,25.6267,48.39355833333333,-1.045,-1.145,0.5,3.5,2.5,-2.02,-0.9750000000000001,0.16499999999999998
T117,"Davis, Cam",AN,2,18,2,-0.915,287.15,0.5,1.02,0.527775,20.729429629629628,66.99119999999999,-1.895,-0.235,0.6666666666666667,4.5,5.5,-2.02,-0.125,0.10999999999999988
T117,"Hardy, Nick",AN,2,18,2,0.865,287.45,0.7142850000000001,-1.2799999999999998,0.63889,33.7646,46.74888571428571,-0.42,-1.18,0.4666673333333333,2.5,3.5,-2.02,-1.6050000000000002,-0.41500000000000004
T126,"Paul, Jeremy",AN,3,18,-1,-1.96,294.35,0.392855,1.27,0.66667,26.62425714285714,53.18015,-1.73,-0.09999999999999999,0.5833358333333334,3.5,4.5,-2.52,-0.7899999999999999,-0.6900000000000001
T126,"Skinns, David",AN,3,18,-1,-0.17999999999999997,288.7,0.5,-0.95,0.63889,24.6792,50.13005,-1.95,0.56,0.6363618181818181,3.5,5.5,-2.52,-0.57,-1.13
T126,"Campos, Rafael",AN,3,18,2,0.5700000000000001,287.95000000000005,0.67857,-1.43,0.694445,33.12344838709677,87.15265000000001,-1.065,-0.6000000000000001,0.6470611764705883,3,5.5,-2.52,-1.455,-0.855
T126,"Walker, Danny",AN,3,18,2,0.09500000000000008,296.2137931034483,0.7142850000000001,-1.7950000000000002,0.63889,38.04619166666667,45.85242,-0.24000000000000002,-0.58,0.56250125,3.5,4,-2.52,-2.28,-1.7000000000000002
T126,"Tosti, Alejandro",AN,3,18,-1,0.295,294,0.57143,-0.49499999999999994,0.61111,31.338299999999997,45.285954545454544,-1.8450000000000002,-0.48,0.5555533333333333,2.5,4.5,-2.52,-0.675,-0.19500000000000006
T131,"Homa, Max",AN,4,18,3,-0.295,296.2,0.5357149999999999,-1.49,0.72222,32.67746296296296,47.34435,-0.47,-0.7749999999999999,0.5714285714285714,4,5.5,-3.02,-2.555,-1.785
T131,"Rodgers, Patrick",AN,4,18,-2,0.075,289.1,0.6785749999999999,-3.185,0.5833349999999999,34.0809,33.23583333333333,-0.5,0.59,0.42857,3.5,7.5,-3.02,-2.52,-3.11
T131,"Fahrny, Brannon",AN,4,18,3,-0.52,308.05,0.5357149999999999,-1.7850000000000001,0.583335,30.324808695652173,64.4462090909091,-1.0699999999999998,0.355,0.66667,2,6,-3.02,-1.9500000000000002,-2.305
T134,"Kuchar, Matt",AN,5,18,1,-1.09,273.85,0.71429,-3.515,0.5,40.87377407407407,53.54107777777778,-0.16000000000000003,1.24,0.6842110526315789,1.5,5.5,-3.5199999999999996,-3.3600000000000003,-4.6
T134,"Schultz, Cooper",AN,5,18,5,-0.935,289.57586206896553,0.67857,-2.855,0.5833349999999999,30.154899999999998,53.20916666666666,0.039999999999999813,0.23000000000000004,0.800002,3.5,5,-3.52,-3.56,-3.79
T136,"Coody, Pierceson",AN,6,18,8,-0.77,296.05,0.392855,-3.965,0.527775,30.986387499999996,60.95746923076923,-0.29000000000000004,1,0.7647058823529411,5,6.5,-4.02,-3.735,-4.734999999999999
T136,"Campbell, Thomas",AN,6,18,5,-0.385,287.35,0.57143,-4.095000000000001,0.5,42.0519,69.86957777777778,-0.19,0.6549999999999999,0.6315768421052632,2,6.5,-4.0200000000000005,-3.83,-4.485
T136,"Sihota, Jeevan",AN,6,18,6,-0.27,295.85,0.607145,-2.2600000000000002,0.47222000000000003,32.92245862068965,33.7742,0.12,-1.615,0.6818218181818181,3.5,6,-4.0200000000000005,-4.1450000000000005,-2.5300000000000002
T139,"Malnati, Peter",AN,7,18,6,-2.4699999999999998,288.04999999999995,0.5357149999999999,-0.455,0.555555,38.219877777777775,64.24736,-0.455,-1.1400000000000001,0.64286,2.5,7,-4.5200000000000005,-4.07,-2.9250000000000003
T139,"Wise, Aaron",AN,7,18,6,0.155,291.45,0.6785749999999999,-2.6950000000000003,0.6666650000000001,35.62720769230769,58.96256666666666,-1.97,-0.009999999999999995,0.7692307692307693,2,5.5,-4.5200000000000005,-2.55,-2.54
T141,"Hirata, Kensei",AN,8,18,1,-0.865,283,0.64286,-2.06,0.583335,37.96945,68.47115,-1.6600000000000001,-0.43999999999999995,0.4117664705882353,1.5,5.5,-5.02,-3.36,-2.925
T141,"Snedeker, Brandt",AN,8,18,3,-2.89,278.4551724137931,0.607145,-0.64,0.583335,33.50515925925926,59.598575,-0.305,-1.185,0.6000019999999999,2,8,-5.02,-4.715,-3.5250000000000004
143,"Lindheim, Nicholas",AN,10,18,6,-0.34500000000000003,276.25,0.607145,-4.95,0.52778,50.74732571428571,75.78614999999999,-0.77,0.044999999999999984,0.4375,3,5.5,-6.02,-5.25,-5.295
WD,"Kizzire, Patton",AN,null,null,null,-2.72,292.3,0.35714,-2.16,0.61111,37.4971,60.7437,-2.27,0.23,0.5,3,8,-6.93,-4.66,-4.89
