player_name,2021 (3M Open),2022 (3M Open),2023 (3M Open),2024 (3M Open),2025 (3M Open),rounds_played,historical_true_sg,versus_expected,ch_adjustment,experience_adjustment
"Garnett, Brice",T16,T31,T53,T33,T57,28,0.669,0.81,0.084,0.118
"Finau, Tony",T28,1,T7,T12,CUT,26,1.491,0.494,0.048,0.107
"Davis, Cam",T28,T16,T10,T19,CUT,24,0.895,0.771,0.068,0.096
"Grillo, Emiliano",CUT,T2,T10,T24,T20,22,1.503,1.093,0.089,0.085
"Hoge, Tom",CUT,T4,T20,CUT,CUT,22,-0.01,-0.094,-0.008,0.085
"Kizzire, Patton",T39,T38,CUT,CUT,CUT,22,-0.374,0,0,0.085
"Merritt, Troy",T39,T49,CUT,CUT,T44,22,0.044,0.163,0.013,0.085
"Mitchell, Keith",5,null,T5,T46,CUT,20,0.557,0.33,0.024,0.074
"Hadwin, Adam",T6,T38,CUT,CUT,T44,20,0.849,0.521,0.039,0.074
"Schenk, Adam",T51,T54,null,T59,CUT,20,-0.739,-0.735,-0.054,0.074
"Hossler, Beau",T49,CUT,T13,CUT,CUT,20,-0.253,-0.234,-0.017,0.074
"Ghim, Doug",CUT,T16,T27,T24,CUT,20,0.856,0.668,0.049,0.074
"Malnati, Peter",CUT,T11,CUT,CUT,CUT,18,-0.645,-0.215,-0.014,0.063
"Svensson, Adam",null,CUT,T37,T37,T14,18,0.697,0.697,0.046,0.063
"Champ, Cameron",1,T16,null,T12,T28,18,0.912,1.333,0.089,0.063
"Rodgers, Patrick",T39,null,T37,T37,CUT,18,0.494,0.127,0.008,0.063
"Duncan, Tyler",CUT,T45,T20,T53,null,17,-0.023,0.182,0.011,0.057
"Hughes, Mackenzie",null,null,T30,T19,T53,16,0.399,0.245,0.015,0.052
"Lebioda, Hank",WD,T16,CUT,null,null,16,0.65,1.003,0.059,0.052
"Hardy, Nick",null,T58,T13,T46,T28,16,0.45,0.552,0.033,0.052
"Brehm, Ryan",T51,T31,CUT,CUT,CUT,16,-1.376,0.208,0.012,0.052
"Putnam, Andrew",CUT,T11,null,T19,CUT,14,-0.137,-0.266,-0.014,0.041
"List, Luke",T58,null,null,CUT,CUT,14,-0.428,-0.579,-0.03,0.041
"Woodland, Gary",T11,null,CUT,T37,T20,14,0.605,0.532,0.028,0.041
"McNealy, Maverick",T16,T49,null,T3,CUT,14,0.764,0.116,0.006,0.041
"Eckroat, Austin",T16,null,CUT,CUT,T39,12,0.092,0.034,0.002,0.03
"Schmid, Matti",null,null,T20,T12,T61,12,0.863,1.283,0.057,0.03
"Stevens, Sam",null,null,T10,T64,2,12,1.446,1.053,0.047,0.03
"Higgo, Garrick",null,CUT,T13,CUT,T39,12,-0.154,0.194,0.009,0.03
"Wu, Dylan",null,CUT,T5,T53,DQ,12,-0.203,0.027,0.001,0.03
"McCarthy, Denny",T67,null,null,null,null,12,0.377,0.32,0.014,0.03
"Ramey, Chad",null,null,T53,T24,T28,12,0.613,0.751,0.033,0.03
"Lower, Justin",null,CUT,T43,T33,CUT,12,-0.453,-0.162,-0.007,0.03
"Higgs, Harry",CUT,CUT,CUT,null,T25,12,-1.231,-0.592,-0.026,0.03
"Dahmen, Joel",T67,null,CUT,CUT,T39,12,-0.575,-0.715,-0.032,0.03
"Van Rooyen, Erik",T58,null,CUT,CUT,CUT,12,-1.572,-1.694,-0.075,0.03
"Kim, Michael",T39,null,CUT,CUT,null,12,-1.119,0.281,0.012,0.03
"Im, Sungjae",null,T2,CUT,null,CUT,12,0.904,-0.046,-0.002,0.03
"Hodges, Lee",null,T16,1,CUT,CUT,12,1.072,0.965,0.043,0.03
"Skinns, David",null,T54,null,T24,T57,12,0.161,0.929,0.041,0.03
"Streelman, Kevin",null,null,T2,T64,null,12,1.008,0.889,0.039,0.03
"Snedeker, Brandt",T11,null,T53,CUT,CUT,12,0.063,0.468,0.021,0.03
"Villegas, Camilo",T51,T58,null,null,T53,12,-0.262,0.37,0.016,0.03
"Homa, Max",null,null,null,null,T39,11,0.786,0.545,0.022,0.024
"Yu, Kevin",null,null,T37,T73,CUT,10,-0.661,-0.889,-0.033,0.018
"Martin, Ben",CUT,CUT,CUT,null,CUT,10,-1.674,-1.369,-0.051,0.018
"Griffin, Lanto",CUT,null,CUT,T44,CUT,10,-0.911,-0.73,-0.027,0.018
"Smotherman, Austin",null,T24,CUT,T53,null,10,-0.87,-0.475,-0.018,0.018
"Lipsky, David",null,null,T43,CUT,T3,10,0.799,0.993,0.037,0.018
"Hubbard, Mark",T16,null,CUT,null,T61,10,0.167,-0.184,-0.007,0.018
"Jaeger, Stephan",null,CUT,T30,null,null,10,-0.554,-0.814,-0.03,0.018
"Kohles, Ben",null,CUT,null,T24,T20,10,0.726,0.827,0.031,0.018
"Glover, Lucas",null,CUT,CUT,null,null,10,-0.515,-1.011,-0.037,0.018
"Silverman, Ben",null,null,null,T53,T61,10,-1.215,-1.191,-0.044,0.018
"Gordon, Will",CUT,null,CUT,CUT,CUT,10,-3.447,-2.913,-0.108,0.018
"Kuchar, Matt",CUT,null,T43,T3,null,10,1.118,1.049,0.039,0.018
"Blair, Zac",null,null,T13,CUT,T44,10,0.599,0.851,0.031,0.018
"Pendrith, Taylor",null,null,CUT,5,T68,10,0.675,0.166,0.006,0.018
"Kirk, Chris",CUT,null,null,null,T14,10,0.517,0.12,0.004,0.018
"Power, Seamus",null,null,null,T37,T28,10,0.009,0.085,0.003,0.018
"Matsuyama, Hideki",null,WD,T30,null,null,9,0.676,-0.711,-0.024,0.013
"Coody, Pierceson",null,null,null,72,T3,8,0.511,0.514,0.015,0.007
"Moore, Taylor",null,null,null,T12,T14,8,1.636,1.632,0.048,0.007
"Kitayama, Kurt",null,null,null,T6,1,8,2.761,2.156,0.064,0.007
"Hoey, Rico",null,null,null,T67,T57,8,-0.489,-0.802,-0.024,0.007
"McGreevy, Max",null,CUT,T30,null,CUT,8,-1.03,-0.212,-0.006,0.007
"Fishburn, Patrick",null,null,null,T6,T44,8,1.261,1.162,0.034,0.007
"Harman, Brian",null,null,null,null,null,8,1.224,0.783,0.023,0.007
"Day, Jason",null,T64,null,null,null,8,-0.891,-1.713,-0.051,0.007
"Kim, Tom",null,T26,null,null,T28,8,0.766,0.367,0.011,0.007
"Gomez, Fabian",CUT,null,null,null,null,8,0.017,0.866,0.026,0.007
"Meissner, Mac",null,null,null,T59,T14,8,0.636,0.548,0.016,0.007
"Whaley, Vince",CUT,null,null,null,T57,8,-1.325,-1.219,-0.036,0.007
"Riley, Davis",null,CUT,null,T46,CUT,8,-0.213,0.067,0.002,0.007
"Knapp, Jake",null,null,null,WD,T3,7,0.041,-0.044,-0.001,0.002
"Roy, Kevin",null,null,CUT,null,T28,6,-0.009,-0.057,-0.001,-0.004
"Clanton, Luke",null,null,null,CUT,T61,6,-0.713,-0.961,-0.021,-0.004
"Bezuidenhout, Christiaan",null,null,CUT,null,T20,6,0.658,-0.006,0,-0.004
"Greyserman, Max",null,null,null,2,CUT,6,1.688,1.36,0.03,-0.004
"Springer, Hayden",null,null,null,T59,CUT,6,-0.479,-0.151,-0.003,-0.004
"Campos, Rafael",CUT,null,null,CUT,CUT,6,-3.522,-2.389,-0.053,-0.004
"Highsmith, Joe",null,null,null,T44,CUT,6,-0.146,0.346,0.008,-0.004
"Ventura, Kristoffer",CUT,null,null,null,CUT,6,-1.594,-1.003,-0.022,-0.004
"Fisk, Steven",null,null,null,null,74,4,-1.428,-1.366,-0.02,-0.015
"Svensson, Jesper",null,null,null,null,T14,4,1.572,1.192,0.018,-0.015
"Pavon, Matthieu",null,null,null,null,T44,4,0.322,0.867,0.013,-0.015
"Olesen, Thorbjorn",null,null,null,null,T14,4,1.572,1.313,0.019,-0.015
"Mouw, William",null,null,null,null,T7,4,2.322,2.515,0.037,-0.015
"Horschel, Billy",null,null,T13,null,null,4,1.567,1.649,0.024,-0.015
"Dunlap, Nick",null,null,null,CUT,CUT,4,-3.06,-2.46,-0.036,-0.015
"Phillips, Chandler",null,null,null,CUT,CUT,4,-2.06,-1.989,-0.029,-0.015
"Shipley, Neal",null,null,null,T37,null,4,0.7,1.211,0.018,-0.015
"Conners, Corey",null,null,null,null,null,4,0.507,0.301,0.004,-0.015
"Thompson, Davis",null,null,CUT,null,CUT,4,-1.004,-1.366,-0.02,-0.015
"Crowe, Trace",null,null,null,T24,null,4,1.2,1.843,0.027,-0.015
"Kanaya, Takumi",null,null,null,null,T7,4,2.322,2.103,0.031,-0.015
"Lindheim, Nicholas",null,null,null,CUT,null,3,-3.257,-2.52,-0.028,-0.02
"Stout, Preston",null,null,null,null,CUT,2,-0.337,-0.004,0,-0.026
"James, Ben",null,null,null,CUT,null,2,-2.784,-2.385,-0.018,-0.026
"Castillo, Ricky",null,null,null,null,CUT,2,-0.337,-0.345,-0.003,-0.026
"Suber, Jackson",null,null,null,null,CUT,2,-1.337,-1.071,-0.008,-0.026
"Sargent, Gordon",null,null,null,null,CUT,2,-2.837,-0.808,-0.006,-0.026
"Walker, Danny",null,null,null,null,CUT,2,-1.837,-1.219,-0.009,-0.026
"Li, Haotong",null,null,null,null,CUT,2,-0.337,-0.381,-0.003,-0.026
"Peterson, Paul",null,null,null,null,CUT,2,-0.337,-0.271,-0.002,-0.026
"Dumont De Chassart, Adrien",null,null,null,CUT,null,2,-1.784,-0.777,-0.006,-0.026
"Dou, Zecheng",null,null,CUT,null,null,2,-3.172,-2.751,-0.02,-0.026
"Vilips, Karl",null,null,null,null,CUT,2,-1.837,-0.961,-0.007,-0.026
"Paul, Jeremy",null,null,null,null,CUT,2,-0.837,-0.246,-0.002,-0.026
"Wise, Aaron",null,null,null,null,null,2,-0.5,-0.673,-0.005,-0.026
"Tosti, Alejandro",null,null,null,CUT,null,2,-7.284,-6.564,-0.049,-0.026
"Campbell, Thomas",null,null,null,null,null,2,-6.337,0,0,-0.026
"Neergaard-Petersen, Rasmus",null,null,null,null,null,0,null,null,null,-0.046
"Jarvis, Casey",null,null,null,null,null,0,null,null,null,-0.046
"Mazzoli, Stefano",null,null,null,null,null,0,null,null,null,-0.046
"Keefer, Johnny",null,null,null,null,null,0,null,null,null,-0.046
"Stanger, Jimmy",null,null,null,null,null,0,null,null,null,-0.046
"Nyholm, Pontus",null,null,null,null,null,0,null,null,null,-0.046
"Chatfield, Davis",null,null,null,null,null,0,null,null,null,-0.046
"Nakajima, Keita",null,null,null,null,null,0,null,null,null,-0.046
"Lamprecht, Christo",null,null,null,null,null,0,null,null,null,-0.046
"Parry, John",null,null,null,null,null,0,null,null,null,-0.046
"Wood, Griffin",null,null,null,null,null,0,null,null,null,-0.046
"Hirata, Kensei",null,null,null,null,null,0,null,null,null,-0.046
"Donohue, Muzzy",null,null,null,null,null,0,null,null,null,-0.046
"Campbell, Brian",null,null,null,null,null,0,null,null,null,-0.046
"Potgieter, Aldrich",null,null,null,null,null,0,null,null,null,-0.046
"Sihota, Jeevan",null,null,null,null,null,0,null,null,null,-0.046
"Koivun, Jackson",null,null,null,null,null,0,null,null,null,-0.046
"Schultz, Cooper",null,null,null,null,null,0,null,null,null,-0.046
"Blanchet, Chandler",null,null,null,null,null,0,null,null,null,-0.046
"Fahrny, Brannon",null,null,null,null,null,0,null,null,null,-0.046
"Cowan, Ryder",null,null,null,null,null,0,null,null,null,-0.046
"VanDerLaan, John",null,null,null,null,null,0,null,null,null,-0.046
"Bauchou, Zach",null,null,null,null,null,0,null,null,null,-0.046
"Rozo, Marcelo",null,null,null,null,null,0,null,null,null,-0.046
"Kang, Jeffrey",null,null,null,null,null,0,null,null,null,-0.046
"Ewart, A.J.",null,null,null,null,null,0,null,null,null,-0.046
"Brennan, Michael",null,null,null,null,null,0,null,null,null,-0.046
"Scheffler, Scottie",null,null,null,null,null,0,null,null,null,-0.046
"Yellamaraju, Sudarshan",null,null,null,null,null,0,null,null,null,-0.046
"Smith, Jordan",null,null,null,null,null,0,null,null,null,-0.046
"Hojgaard, Rasmus",null,null,null,null,null,0,null,null,null,-0.046
"Sandhu, Sihan",null,null,null,null,null,0,null,null,null,-0.046
