playerName,dg_id,tier,vtsFinal,prePenaltyVTS,penaltyTotal,neutralSkillSG,neutralSkillIndex,venueFitScore,venueFitDelta,venueHistoryRounds,venueHistorySG,venueHistoryDelta,blendClass,winPct,top5Pct,top10Pct,top20Pct,makeCutPct,missCutPct,sgOTT_L12,sgAPP_L12,sgARG_L12,sgPUTT_L12,sgTotal_L12,dgFinalPrediction,dgCourseFitAdj,country,owgr,formTrend,volatilityIndex,datadepthClass,hardGateTriggered,isDebut,bettingUseCase,fragility
Scottie Scheffler,18417,T1,2.83,3.08,-0.25,2.7012,88.5,0.8966,0.947,0,,0.0,0-2,8.4,33.8,56.2,95.9,96.8,3.2,0.758,1.028,0.376,0.522,2.683,2.597,-0.13,USA,1,cool,high,DEEP,False,True,Win,Low
Rory McIlroy,10091,T1,2.379,2.379,0.0,2.0832,78.9,0.6709,0.701,4,2.806,0.108,3-4,4.78,20.5,35.8,63.7,94.7,5.3,0.974,0.575,0.194,0.399,2.142,2.146,-0.344,NIR,2,neutral,high,DEEP,False,False,Win,Low
Matt Fitzpatrick,17646,T1,2.299,2.299,0.0,1.9835,77.3,0.6895,0.879,4,0.806,-0.177,3-4,4.32,18.7,33.0,59.2,94.3,5.7,0.283,0.913,0.461,0.288,1.945,2.202,-0.014,ENG,3,neutral,standard,DEEP,False,False,Win,Low
Tommy Fleetwood,12294,T1,2.153,2.143,0.01,1.8474,75.2,0.6041,0.794,4,1.306,-0.081,3-4,3.6,15.9,28.6,51.8,93.3,6.7,0.559,0.642,0.314,0.33,1.846,2.258,-0.002,ENG,9,warm,standard,DEEP,False,False,Win,Low
Jon Rahm,19195,T1,2.06,2.09,-0.03,1.8657,75.5,0.6504,0.71,4,0.806,-0.159,3-4,3.21,14.4,26.0,47.6,92.6,7.4,0.798,0.651,0.27,0.215,1.935,1.849,-0.218,ESP,11,cool,high,DEEP,False,False,Win,Low
Si Woo Kim,14609,T1,1.839,1.879,-0.04,1.5986,71.3,0.6017,0.702,2,0.025,0.0,0-2,2.43,11.2,20.9,39.0,90.7,9.3,0.527,0.753,0.235,0.121,1.635,1.596,0.043,KOR,21,neutral,standard,DEEP,False,False,Win,Low
Viktor Hovland,18841,T2,1.743,1.823,-0.08,1.5021,69.8,0.6072,0.757,0,,0.0,0-2,2.16,10.1,19.0,35.7,89.8,10.2,0.463,0.804,0.183,0.198,1.647,1.747,-0.045,NOR,12,neutral,standard,DEEP,False,True,Top5,Low
Sam Burns,19483,T2,1.708,1.898,-0.19,1.7096,73.0,0.5016,0.472,0,,0.0,0-2,2.07,9.7,18.3,34.6,89.4,10.6,0.361,0.582,0.075,0.623,1.641,1.239,-0.139,USA,18,hot,standard,DEEP,False,True,Top5,Low
Ludvig Aberg,23950,T2,1.682,1.842,-0.16,1.5423,70.4,0.6041,0.704,0,,0.0,0-2,2.0,9.4,17.8,33.8,89.1,10.9,0.597,0.743,0.122,0.222,1.683,1.517,-0.194,SWE,20,cold,standard,DEEP,False,True,Top5,Low
Collin Morikawa,22085,T2,1.639,1.859,-0.22,1.6011,71.3,0.6047,0.645,0,,0.0,0-2,1.89,9.0,17.1,32.5,88.6,11.4,0.545,0.81,0.064,0.194,1.613,1.398,0.002,USA,7,neutral,standard,DEEP,False,True,Top5,Low
Xander Schauffele,19895,T2,1.637,1.717,-0.08,1.4913,69.6,0.5644,0.624,4,1.806,0.047,3-4,1.89,9.0,17.0,32.4,88.6,11.4,0.683,0.609,0.155,0.185,1.632,1.677,-0.204,USA,14,cold,standard,DEEP,False,False,Top5,Low
Wyndham Clark,23604,T2,1.58,1.77,-0.19,1.61,71.5,0.4208,0.401,0,,0.0,0-2,1.76,8.4,16.1,30.8,87.9,12.1,0.086,0.444,0.381,0.58,1.491,1.342,-0.117,USA,8,hot,standard,DEEP,False,True,Top5,Low
Russell Henley,14578,T2,1.579,1.609,-0.03,1.4436,68.9,0.4372,0.497,4,1.056,-0.058,3-4,1.76,8.4,16.1,30.8,87.9,12.1,0.386,0.518,0.134,0.246,1.284,1.33,0.137,USA,5,cool,standard,DEEP,False,False,Top5,Low
Cameron Young,26651,T2,1.545,1.845,-0.3,1.6082,71.4,0.5812,0.591,0,,0.0,0-2,1.68,8.1,15.5,29.8,87.5,12.5,0.623,0.652,0.207,0.185,1.667,1.363,-0.169,USA,4,cold,standard,DEEP,False,True,Top5,Low
Chris Gotterup,27774,T2,1.501,1.721,-0.22,1.5442,70.4,0.5131,0.443,0,,0.0,0-2,1.59,7.7,14.9,28.7,86.9,13.1,0.643,0.513,0.053,0.414,1.624,1.292,-0.269,USA,6,neutral,high,DEEP,False,True,Top5,Low
Robert MacIntyre,23323,T2,1.491,1.571,-0.08,1.3662,67.7,0.3841,0.464,0,,0.0,0-2,1.57,7.6,14.7,28.4,86.8,13.2,0.35,0.356,0.162,0.467,1.334,1.646,-0.047,SCO,15,neutral,standard,DEEP,False,True,Top10,Medium
Justin Thomas,14139,T2,1.463,1.493,-0.03,1.3178,66.9,0.429,0.439,2,-0.475,0.0,0-2,1.52,7.4,14.3,27.7,86.5,13.5,0.275,0.383,0.46,0.337,1.455,1.281,-0.077,USA,19,warm,standard,DEEP,False,False,Top10,Medium
Patrick Cantlay,15466,T2,1.427,1.647,-0.22,1.4295,68.7,0.5343,0.544,0,,0.0,0-2,1.45,7.1,13.8,26.8,86.0,14.0,0.36,0.708,0.234,0.145,1.447,1.351,-0.066,USA,38,neutral,standard,DEEP,False,True,Top10,Medium
Min Woo Lee,16841,T2,1.409,1.49,-0.08,1.2333,65.6,0.5035,0.603,0,,0.0,0-2,1.42,7.0,13.6,26.4,85.7,14.3,0.637,0.468,0.256,0.175,1.535,1.318,-0.231,AUS,24,neutral,high,DEEP,False,True,Top10,Medium
Maverick McNealy,18634,T2,1.365,1.405,-0.04,1.2678,66.1,0.3324,0.342,2,-2.975,0.0,0-2,1.35,6.6,13.0,25.3,85.1,14.9,0.163,0.255,0.352,0.516,1.286,0.885,-0.105,USA,39,neutral,standard,DEEP,False,False,Top10,Medium
Alex Fitzpatrick,25362,T2,1.362,1.412,-0.05,1.1357,64.1,0.4711,0.631,0,,0.0,0-2,1.34,6.6,12.9,25.3,85.1,14.9,0.436,0.635,0.085,0.055,1.212,1.288,-0.008,ENG,65,hot,standard,DEEP,False,True,Top10,Medium
Tyrrell Hatton,14796,T2,1.359,1.369,-0.01,1.1596,64.4,0.3593,0.479,2,-2.475,0.0,0-2,1.34,6.6,12.9,25.2,85.0,15.0,0.186,0.435,0.2,0.283,1.105,1.433,-0.071,ENG,22,hot,standard,DEEP,False,False,Top10,Medium
J.J. Spaun,17536,T2,1.342,1.562,-0.22,1.3316,67.1,0.5352,0.575,0,,0.0,0-2,1.31,6.5,12.7,24.8,84.8,15.2,0.363,0.808,0.12,-0.014,1.277,1.128,-0.006,USA,13,neutral,standard,DEEP,False,True,Top10,Medium
Ben Griffin,24968,T2,1.297,1.507,-0.21,1.363,67.6,0.4005,0.361,0,,0.0,0-2,1.24,6.2,12.1,23.8,84.1,15.9,0.151,0.384,0.37,0.535,1.44,1.139,-0.033,USA,16,warm,standard,DEEP,False,True,Top10,Medium
Shane Lowry,13900,T2,1.27,1.31,-0.04,1.0444,62.6,0.4491,0.609,2,-1.975,0.0,0-2,1.19,6.0,11.8,23.2,83.7,16.3,0.299,0.737,-0.004,-0.031,1.001,1.416,0.016,IRL,46,neutral,standard,DEEP,False,False,Top10,Medium
Bryson DeChambeau,19841,T2,1.251,1.321,-0.07,1.1943,65.0,0.3881,0.318,2,-3.475,0.0,0-2,1.17,5.8,11.6,22.8,83.4,16.6,0.869,0.253,-0.047,0.162,1.237,0.81,-0.306,USA,37,cool,high,DEEP,False,False,Top10,Medium
Aaron Rai,18554,T2,1.224,1.274,-0.05,1.0079,62.1,0.4396,0.61,0,,0.0,0-2,1.13,5.7,11.3,22.3,83.0,17.0,0.345,0.612,0.183,-0.067,1.073,1.334,0.16,ENG,17,hot,standard,DEEP,False,True,Top10,Medium
Joaquin Niemann,18079,T2,1.218,1.408,-0.19,1.1817,64.8,0.5651,0.565,0,,0.0,0-2,1.12,5.6,11.2,22.2,82.9,17.1,0.65,0.749,-0.012,0.046,1.433,1.069,-0.203,CHI,48,hot,high,DEEP,False,True,Top10,Medium
Justin Rose,6093,T3,1.194,1.194,0.0,1.1257,63.9,0.3875,0.478,8,0.085,-0.312,5+,1.09,5.5,10.9,21.7,82.5,17.5,0.235,0.567,0.106,0.077,0.985,1.354,-0.045,ENG,10,neutral,standard,DEEP,False,False,Top20,Medium
Hideki Matsuyama,13562,T3,1.073,1.103,-0.03,0.9523,61.2,0.33,0.36,4,2.056,0.166,3-4,0.93,4.8,9.7,19.4,80.4,19.6,-0.022,0.476,0.33,0.134,0.918,0.859,0.007,JPN,31,cool,standard,DEEP,False,False,Top20,Medium
Akshay Bhatia,26096,T3,1.055,1.275,-0.22,1.1562,64.4,0.3277,0.298,0,,0.0,0-2,0.91,4.7,9.5,19.1,80.1,19.9,-0.004,0.44,0.14,0.528,1.103,0.76,-0.015,USA,29,neutral,standard,DEEP,False,True,Top20,Medium
Nicolai Hojgaard,23602,T3,1.047,1.157,-0.11,0.9777,61.6,0.389,0.419,0,,0.0,0-2,0.9,4.7,9.4,19.0,79.9,20.1,0.325,0.517,0.099,0.093,1.033,0.917,-0.272,DEN,35,cool,high,DEEP,False,True,Top20,Medium
Ryan Gerard,29767,T3,1.039,1.249,-0.21,1.0939,63.4,0.3789,0.389,0,,0.0,0-2,0.89,4.6,9.4,18.8,79.8,20.2,0.368,0.459,0.015,0.281,1.124,0.904,-0.032,USA,28,warm,standard,DEEP,False,True,Top20,Medium
Kurt Kitayama,21891,T3,1.029,1.249,-0.22,1.085,63.3,0.4394,0.409,0,,0.0,0-2,0.88,4.6,9.3,18.7,79.6,20.4,0.475,0.599,0.006,0.013,1.092,0.893,-0.163,USA,36,neutral,standard,DEEP,False,True,Top20,Medium
Harris English,14577,T3,1.017,1.237,-0.22,1.1371,64.1,0.2702,0.25,0,,0.0,0-2,0.87,4.5,9.2,18.5,79.4,20.6,0.276,0.161,0.193,0.449,1.079,1.152,-0.032,USA,32,neutral,standard,DEEP,False,True,Top20,Medium
Keegan Bradley,13872,T3,0.983,1.193,-0.21,1.0572,62.8,0.3604,0.34,0,,0.0,0-2,0.83,4.3,8.9,17.9,78.7,21.3,0.226,0.412,0.3,0.122,1.06,0.836,-0.102,USA,41,warm,standard,DEEP,False,True,Top20,Medium
Patrick Reed,14838,T3,0.97,1.0,-0.03,0.8696,59.9,0.2964,0.326,2,-0.975,0.0,0-2,0.82,4.3,8.7,17.7,78.5,21.5,-0.115,0.487,0.265,0.157,0.794,1.173,0.056,USA,26,warm,standard,DEEP,False,False,Top20,Medium
Tom Kim,24766,T3,0.942,1.132,-0.19,0.9388,61.0,0.4324,0.482,0,,0.0,0-2,0.79,4.1,8.5,17.2,77.9,22.1,0.116,0.667,0.193,0.135,1.111,1.258,0.03,KOR,33,hot,standard,DEEP,False,True,Top20,Medium
Kristoffer Reitan,21407,T3,0.934,1.014,-0.08,0.8746,60.0,0.2794,0.329,0,,0.0,0-2,0.78,4.1,8.4,17.1,77.8,22.2,0.562,0.207,-0.061,0.203,0.911,0.751,-0.14,NOR,27,neutral,standard,DEEP,False,True,Top20,Medium
Adam Scott,6430,T3,0.881,0.961,-0.08,0.7597,58.2,0.3179,0.388,8,1.585,0.248,5+,0.73,3.9,8.0,16.3,76.7,23.3,0.255,0.508,0.034,-0.123,0.675,0.911,-0.103,AUS,57,cold,standard,DEEP,False,False,MakeCut,Medium
Rickie Fowler,12965,T3,0.849,0.929,-0.08,0.8147,59.0,0.238,0.278,4,1.556,0.111,3-4,0.71,3.7,7.8,15.8,76.1,23.9,0.284,0.234,0.072,0.155,0.744,0.881,-0.009,USA,42,cold,standard,DEEP,False,False,MakeCut,Medium
Keith Mitchell,17365,T3,0.806,1.016,-0.21,0.9209,60.7,0.3285,0.239,0,,0.0,0-2,0.67,3.6,7.4,15.2,75.2,24.8,0.524,0.335,0.013,0.051,0.923,0.491,-0.154,USA,68,warm,standard,DEEP,False,True,MakeCut,Medium
Jacob Bridgeman,29433,T3,0.771,0.991,-0.22,0.8999,60.4,0.2775,0.228,0,,0.0,0-2,0.64,3.4,7.2,14.8,74.4,25.6,0.192,0.325,0.03,0.369,0.916,0.543,-0.017,USA,30,neutral,standard,DEEP,False,True,MakeCut,Medium
Bud Cauley,14502,T3,0.735,0.945,-0.21,0.7935,58.7,0.3787,0.379,0,,0.0,0-2,0.61,3.3,6.9,14.3,73.6,26.4,0.305,0.508,0.209,-0.092,0.93,0.698,-0.01,USA,40,warm,standard,DEEP,False,True,MakeCut,Medium
Brian Harman,8825,T3,0.729,0.769,-0.04,0.6868,57.0,0.2058,0.206,2,-0.975,0.0,0-2,0.61,3.3,6.9,14.2,73.5,26.5,-0.115,0.352,0.135,0.214,0.586,0.879,0.107,USA,64,neutral,standard,DEEP,False,False,MakeCut,Medium
Ryan Fox,11889,T3,0.717,0.747,-0.03,0.6317,56.2,0.1937,0.264,2,0.025,0.0,0-2,0.6,3.2,6.8,14.0,73.2,26.8,0.088,0.29,0.054,0.073,0.505,0.621,-0.111,NZL,56,warm,standard,DEEP,False,False,MakeCut,Medium
Jordan Spieth,14636,T3,0.715,0.795,-0.08,0.6227,56.0,0.2396,0.24,4,4.556,0.59,3-4,0.6,3.2,6.8,14.0,73.2,26.8,0.216,0.279,0.092,0.112,0.699,0.783,-0.094,USA,51,cold,standard,DEEP,False,False,MakeCut,Medium
Eugenio Chacarra,26745,T4,0.698,0.888,-0.19,0.7711,58.4,0.3229,0.293,0,,0.0,0-2,0.58,3.2,6.7,13.8,72.8,27.2,0.397,0.402,-0.031,0.107,0.874,0.561,-0.116,ESP,59,hot,standard,DEEP,False,True,MakeCut,High
Gary Woodland,12577,T4,0.681,0.681,0.0,0.6287,56.1,0.2416,0.202,4,-0.194,-0.123,3-4,0.57,3.1,6.6,13.6,72.4,27.6,0.58,0.258,-0.228,0.004,0.614,0.32,-0.165,USA,43,neutral,standard,DEEP,False,False,MakeCut,High
Alex Smalley,18474,T4,0.651,0.871,-0.22,0.7843,58.6,0.2669,0.217,0,,0.0,0-2,0.55,3.0,6.4,13.2,71.8,28.2,0.23,0.334,0.003,0.232,0.799,0.561,-0.041,USA,44,neutral,standard,DEEP,False,True,MakeCut,High
Alex Noren,10419,T4,0.633,0.863,-0.23,0.7134,57.5,0.0691,0.119,8,1.96,0.374,5+,0.54,2.9,6.2,13.0,71.3,28.7,-0.058,-0.017,0.124,0.453,0.502,0.956,0.134,SWE,25,cold,standard,DEEP,False,False,MakeCut,High
Matt Wallace,20706,T4,0.632,0.712,-0.08,0.5582,55.0,0.2507,0.351,0,,0.0,0-2,0.54,2.9,6.2,13.0,71.3,28.7,-0.121,0.487,0.156,0.032,0.554,0.719,0.014,ENG,72,neutral,standard,DEEP,False,True,MakeCut,High
Nick Taylor,13126,T4,0.605,0.855,-0.25,0.7931,58.7,0.1941,0.154,0,,0.0,0-2,0.52,2.9,6.1,12.7,70.7,29.3,-0.032,0.22,0.219,0.286,0.693,0.705,0.077,CAN,67,cool,standard,DEEP,False,True,MakeCut,High
Michael Thorbjornsen,26649,T4,0.596,0.816,-0.22,0.7114,57.4,0.3007,0.261,0,,0.0,0-2,0.51,2.8,6.0,12.6,70.5,29.5,0.437,0.271,0.166,-0.002,0.871,0.549,-0.15,USA,70,neutral,standard,DEEP,False,True,MakeCut,High
J.T. Poston,21554,T4,0.59,0.8,-0.21,0.7145,57.5,0.2233,0.213,0,,0.0,0-2,0.51,2.8,6.0,12.5,70.3,29.7,0.267,0.226,0.005,0.227,0.725,0.575,0.063,USA,34,warm,standard,DEEP,False,True,MakeCut,High
Jake Knapp,19396,T4,0.589,0.889,-0.3,0.8396,59.4,0.213,0.123,0,,0.0,0-2,0.51,2.8,6.0,12.5,70.3,29.7,0.278,0.216,-0.066,0.287,0.715,0.22,-0.209,USA,45,cold,high,DEEP,False,True,MakeCut,High
Brooks Koepka,16243,T4,0.575,0.565,0.01,0.4496,53.3,0.1935,0.194,4,2.556,0.316,3-4,0.5,2.8,5.9,12.3,70.0,30.0,0.17,0.301,0.019,-0.073,0.416,0.571,-0.102,USA,118,warm,standard,DEEP,False,False,MakeCut,High
Daniel Berger,17606,T4,0.544,0.544,0.0,0.4252,52.9,0.2318,0.282,4,1.306,0.132,3-4,0.48,2.7,5.7,12.0,69.2,30.8,0.222,0.434,-0.11,-0.159,0.386,0.212,-0.017,USA,49,neutral,standard,DEEP,False,False,MakeCut,High
Jordan Smith,18586,T4,0.532,0.642,-0.11,0.4728,53.7,0.2774,0.387,0,,0.0,0-2,0.47,2.6,5.6,11.9,68.9,31.1,0.497,0.363,-0.065,-0.22,0.575,0.6,-0.068,ENG,78,cool,standard,DEEP,False,True,MakeCut,High
Victor Perez,20730,T4,0.519,0.709,-0.19,0.6251,56.1,0.2203,0.21,0,,0.0,0-2,0.47,2.6,5.6,11.7,68.6,31.4,0.413,0.173,-0.052,0.193,0.728,0.839,-0.022,FRA,163,hot,standard,DEEP,False,True,MakeCut,High
Corey Conners,17576,T4,0.511,0.761,-0.25,0.637,56.3,0.299,0.309,0,,0.0,0-2,0.46,2.6,5.5,11.6,68.4,31.6,0.216,0.481,0.041,-0.094,0.644,0.779,0.029,CAN,53,cool,standard,DEEP,False,True,MakeCut,High
Eric Cole,21756,T4,0.474,0.684,-0.21,0.648,56.4,0.1292,0.089,0,,0.0,0-2,0.44,2.5,5.3,11.3,67.5,32.5,-0.293,0.164,0.286,0.441,0.599,0.457,0.025,USA,71,warm,standard,DEEP,False,True,MakeCut,High
Ryo Hisatsune,22760,T4,0.469,0.689,-0.22,0.5848,55.4,0.2908,0.261,0,,0.0,0-2,0.44,2.5,5.3,11.2,67.4,32.6,0.362,0.382,-0.012,-0.01,0.722,0.344,-0.033,JPN,62,neutral,standard,DEEP,False,True,MakeCut,High
David Puig,28984,T4,0.462,0.682,-0.22,0.6752,56.9,0.1063,0.016,0,,0.0,0-2,0.44,2.4,5.3,11.1,67.2,32.8,0.448,-0.185,0.06,0.39,0.713,0.275,-0.251,ESP,66,neutral,high,DEEP,False,True,MakeCut,High
Tom McKibbin,22322,T4,0.454,0.534,-0.08,0.3716,52.1,0.2632,0.373,0,,0.0,0-2,0.43,2.4,5.2,11.1,67.0,33.0,0.567,0.22,0.073,-0.192,0.667,0.604,-0.08,NIR,135,neutral,standard,DEEP,False,True,MakeCut,High
Sahith Theegala,23014,T4,0.415,0.635,-0.22,0.5642,55.1,0.2173,0.177,0,,0.0,0-2,0.41,2.3,5.0,10.7,66.0,34.0,0.061,0.285,0.191,0.08,0.616,0.379,-0.08,USA,81,neutral,standard,DEEP,False,True,MakeCut,High
Johnny Keefer,32457,T4,0.385,0.575,-0.19,0.4806,53.8,0.3069,0.237,0,,0.0,0-2,0.4,2.2,4.9,10.4,65.3,34.7,0.564,0.464,-0.24,-0.208,0.58,0.238,-0.172,USA,58,hot,standard,DEEP,False,True,MakeCut,High
Michael Kim,17543,T4,0.362,0.582,-0.22,0.5279,54.5,0.1858,0.136,0,,0.0,0-2,0.38,2.2,4.8,10.2,64.7,35.3,-0.104,0.289,0.124,0.291,0.6,0.482,0.022,USA,55,neutral,standard,DEEP,False,True,MakeCut,High
Jason Day,9771,T4,0.356,0.586,-0.23,0.5243,54.5,0.0416,0.122,4,1.306,0.117,3-4,0.38,2.2,4.7,10.1,64.5,35.5,-0.061,-0.141,0.391,0.251,0.441,0.514,0.011,AUS,54,cold,standard,DEEP,False,False,MakeCut,High
Pierceson Coody,28309,T4,0.355,0.575,-0.22,0.5359,54.7,0.1966,0.097,0,,0.0,0-2,0.38,2.2,4.7,10.1,64.5,35.5,0.464,0.158,-0.15,0.142,0.615,0.159,-0.193,USA,61,neutral,standard,DEEP,False,True,MakeCut,High
Max Homa,17538,T4,0.32,0.54,-0.22,0.5225,54.5,0.0937,0.044,0,,0.0,0-2,0.36,2.1,4.6,9.8,63.6,36.4,0.069,0.022,0.07,0.323,0.484,0.391,-0.057,USA,74,neutral,standard,DEEP,False,True,MakeCut,High
Angel Ayora,30445,T4,0.31,0.56,-0.25,0.5155,54.4,0.2011,0.111,0,,0.0,0-2,0.36,2.1,4.5,9.7,63.3,36.7,0.46,0.147,-0.01,-0.016,0.582,0.25,-0.181,ECU,111,cool,standard,DEEP,False,True,MakeCut,High
Thomas Detry,14181,T4,0.292,0.542,-0.25,0.5061,54.2,0.1402,0.09,0,,0.0,0-2,0.35,2.0,4.4,9.5,62.8,37.2,0.164,0.121,-0.015,0.254,0.525,0.304,-0.085,BEL,80,cool,standard,DEEP,False,True,MakeCut,High
Jackson Suber,29279,T4,0.281,0.471,-0.19,0.4046,52.6,0.2151,0.165,0,,0.0,0-2,0.35,2.0,4.4,9.5,62.5,37.5,0.234,0.299,-0.005,-0.003,0.525,0.114,-0.045,USA,115,hot,standard,DEEP,False,True,MakeCut,High
Sam Stevens,25569,T4,0.275,0.525,-0.25,0.4315,53.0,0.2837,0.234,0,,0.0,0-2,0.34,2.0,4.4,9.4,62.4,37.6,0.481,0.325,0.019,-0.152,0.673,0.331,-0.108,USA,47,cool,standard,DEEP,False,True,MakeCut,High
Lucas Herbert,17064,T4,0.246,0.326,-0.08,0.2642,50.4,0.0974,0.147,0,,0.0,0-2,0.33,1.9,4.2,9.2,61.6,38.4,0.004,0.155,0.055,0.039,0.253,0.035,-0.076,AUS,97,neutral,standard,DEEP,False,True,MakeCut,High
Rasmus Neergaard-Petersen,23841,T4,0.234,0.314,-0.08,0.2438,50.1,0.109,0.169,0,,0.0,0-2,0.33,1.9,4.2,9.1,61.3,38.7,0.383,0.066,-0.169,0.045,0.325,0.253,-0.056,DEN,91,neutral,standard,DEEP,False,True,MakeCut,High
Max Greyserman,23465,T4,0.226,0.446,-0.22,0.4147,52.8,0.1281,0.078,0,,0.0,0-2,0.32,1.9,4.2,9.0,61.1,38.9,0.204,0.017,0.149,0.177,0.547,0.282,-0.139,USA,77,neutral,standard,DEEP,False,True,MakeCut,High
Andrew Novak,23475,T4,0.223,0.473,-0.25,0.3791,52.2,0.2846,0.235,0,,0.0,0-2,0.32,1.9,4.1,9.0,61.0,39.0,0.312,0.392,0.139,-0.242,0.601,0.336,-0.028,USA,69,cool,standard,DEEP,False,True,MakeCut,High
Michael Brennan,29197,T4,0.215,0.435,-0.22,0.3886,52.4,0.2451,0.115,0,,0.0,0-2,0.32,1.8,4.1,8.9,60.8,39.2,0.781,0.22,-0.239,-0.225,0.537,0.042,-0.286,USA,60,neutral,high,DEEP,False,True,MakeCut,High
Scott Vincent,14559,T5,0.193,0.383,-0.19,0.4028,52.6,0.0004,-0.05,0,,0.0,0-2,0.31,1.8,4.0,8.7,60.2,39.8,-0.033,-0.107,-0.067,0.558,0.351,0.05,0.022,ZIM,152,hot,standard,DEEP,False,True,Avoid,High
Casey Jarvis,26947,T5,0.175,0.395,-0.22,0.337,51.6,0.1654,0.145,0,,0.0,0-2,0.3,1.8,4.0,8.6,59.7,40.3,0.252,0.258,-0.177,0.045,0.379,0.395,0.052,RSA,82,neutral,standard,DEEP,False,True,Avoid,High
Daniel Hillier,21362,T5,0.166,0.326,-0.16,0.264,50.4,0.1111,0.141,0,,0.0,0-2,0.3,1.8,3.9,8.5,59.4,40.6,0.433,0.121,-0.344,0.061,0.271,0.149,-0.118,NZL,105,cold,standard,DEEP,False,True,Avoid,High
Sami Valimaki,23816,T5,0.139,0.219,-0.08,0.1996,49.4,0.0257,0.046,0,,0.0,0-2,0.29,1.7,3.8,8.3,58.7,41.3,-0.084,0.079,-0.154,0.332,0.173,0.029,0.08,FIN,73,neutral,standard,DEEP,False,True,Avoid,High
Nico Echavarria,22833,T5,0.126,0.336,-0.21,0.3215,51.3,0.0856,0.036,0,,0.0,0-2,0.29,1.7,3.8,8.2,58.3,41.7,-0.03,0.157,-0.056,0.205,0.276,0.203,0.072,COL,52,warm,standard,DEEP,False,True,Avoid,High
Keita Nakajima,21074,T5,0.113,0.303,-0.19,0.2995,51.0,0.0701,0.01,0,,0.0,0-2,0.28,1.7,3.7,8.1,58.0,42.0,0.047,0.08,-0.118,0.315,0.324,0.111,-0.016,JPN,90,hot,standard,DEEP,False,True,Avoid,High
Harry Hall,27194,T5,0.091,0.541,-0.45,0.5357,54.7,0.0518,0.012,0,,0.0,0-2,0.27,1.6,3.6,8.0,57.4,42.6,-0.342,0.005,0.301,0.529,0.493,0.479,0.013,USA,76,cold,standard,DEEP,False,True,Avoid,High
Rasmus Hojgaard,23838,T5,0.079,0.239,-0.16,0.2387,50.0,-0.0081,0.002,0,,0.0,0-2,0.27,1.6,3.6,7.9,57.0,43.0,0.172,-0.134,-0.095,0.226,0.168,-0.019,-0.242,DEN,88,cold,high,DEEP,False,True,Avoid,High
Bernd Wiesberger,9531,T5,0.067,0.057,0.01,0.0435,47.0,0.0697,0.07,4,-0.444,-0.073,3-4,0.27,1.6,3.5,7.8,56.7,43.3,-0.011,0.194,0.074,-0.294,-0.037,0.058,0.117,AUT,155,warm,standard,DEEP,False,False,Avoid,High
Sepp Straka,17511,T5,0.048,0.348,-0.3,0.2924,50.9,0.1604,0.14,0,,0.0,0-2,0.26,1.5,3.5,7.6,56.2,43.8,0.117,0.313,-0.111,-0.022,0.298,0.286,0.019,AUT,23,cold,standard,DEEP,False,True,Avoid,High
Matt McCarty,28635,T5,0.039,0.489,-0.45,0.4581,53.5,0.1284,0.078,0,,0.0,0-2,0.26,1.5,3.4,7.6,55.9,44.1,-0.055,0.217,0.008,0.237,0.407,0.262,0.07,USA,63,cold,standard,DEEP,False,True,Avoid,High
Marco Penge,22465,T5,0.031,0.191,-0.16,0.1615,48.8,0.0743,0.064,0,,0.0,0-2,0.25,1.5,3.4,7.5,55.7,44.3,0.514,-0.07,-0.161,0.001,0.284,0.026,-0.297,ENG,50,cold,high,DEEP,False,True,Avoid,High
Stewart Cink,5665,T5,0.014,0.014,0.0,0.0427,47.0,0.0,0.0,4,-1.216,-0.189,3-4,0.25,1.5,3.4,7.4,55.2,44.8,0.0,0.0,0.0,0.0,0.0,0.213,0.015,USA,,neutral,standard,DEEP,False,False,Avoid,High
Jayden Schaper,26991,T5,-0.039,0.261,-0.3,0.2421,50.1,0.0576,0.048,0,,0.0,0-2,0.23,1.4,3.2,7.1,53.7,46.3,0.172,-0.027,0.053,0.063,0.261,0.216,0.098,RSA,85,cold,standard,DEEP,False,True,Avoid,High
Cameron Smith,15856,T5,-0.04,0.29,-0.33,0.2959,50.9,-0.0858,-0.006,2,-1.475,0.0,0-2,0.23,1.4,3.2,7.1,53.7,46.3,-0.673,-0.16,0.466,0.532,0.165,0.281,0.063,AUS,140,warm,standard,DEEP,True,False,Avoid,High
Sungjae Im,17488,T5,-0.05,0.2,-0.25,0.2152,49.7,0.0033,-0.037,0,,0.0,0-2,0.23,1.4,3.2,7.0,53.4,46.6,0.13,-0.3,0.356,0.214,0.4,0.277,0.009,KOR,86,cool,standard,DEEP,False,True,Avoid,High
Laurie Canter,14795,T5,-0.057,-0.057,0.0,-0.15,43.9,0.105,0.175,4,1.056,0.181,3-4,0.23,1.4,3.1,7.0,53.2,46.8,0.392,0.192,-0.217,-0.362,0.004,0.15,-0.008,ENG,143,neutral,standard,DEEP,False,False,Avoid,High
Haotong Li,15310,T5,-0.065,0.015,-0.08,-0.062,45.3,0.0593,0.019,4,3.056,0.468,3-4,0.23,1.4,3.1,6.9,53.0,47.0,0.327,0.12,-0.341,-0.09,0.015,0.156,-0.091,CHN,106,cold,standard,DEEP,False,False,Avoid,High
Billy Horschel,11276,T5,-0.066,-0.026,-0.04,-0.0188,46.0,-0.0189,-0.019,2,-2.975,0.0,0-2,0.22,1.4,3.1,6.9,53.0,47.0,-0.217,0.132,-0.096,0.004,-0.177,-0.133,0.054,USA,168,neutral,standard,DEEP,False,False,Avoid,High
Jesper Svensson,26850,T5,-0.073,-0.003,-0.07,-0.0125,46.1,0.0131,0.023,0,,0.0,0-2,0.22,1.3,3.1,6.9,52.8,47.2,0.501,-0.181,-0.098,-0.119,0.103,-0.107,-0.221,SWE,165,warm,high,DEEP,False,True,Avoid,High
Aldrich Potgieter,27900,T5,-0.076,0.114,-0.19,0.142,48.5,0.0904,-0.07,0,,0.0,0-2,0.22,1.3,3.1,6.8,52.7,47.3,0.479,0.026,-0.221,-0.051,0.233,-0.435,-0.359,RSA,83,hot,high,DEEP,False,True,Avoid,High
Hennie Du Plessis,19421,T5,-0.098,0.152,-0.25,0.1053,47.9,0.1666,0.117,0,,0.0,0-2,0.22,1.3,3.0,6.7,52.1,47.9,0.375,0.26,-0.07,-0.382,0.183,-0.043,-0.121,RSA,120,cool,standard,DEEP,False,True,Avoid,High
John Parry,13764,T5,-0.191,0.119,-0.31,0.0386,46.9,0.116,0.186,0,,0.0,0-2,0.19,1.2,2.7,6.2,49.4,50.6,-0.129,0.347,0.061,-0.246,0.033,0.355,0.107,ENG,95,cold,standard,DEEP,False,True,Avoid,High
Francesco Molinari,7655,T5,-0.246,-0.206,-0.04,-0.2337,42.6,0.0494,0.069,2,-0.475,0.0,0-2,0.18,1.1,2.6,5.9,47.9,52.1,0.088,0.217,-0.091,-0.439,-0.226,0.12,0.096,ITA,243,neutral,standard,DEEP,False,False,Avoid,High
Kota Kaneko,28268,T5,-0.25,-0.04,-0.21,0.0007,46.3,-0.0508,-0.101,0,,0.0,0-2,0.18,1.1,2.6,5.8,47.8,52.2,-0.361,0.049,-0.019,0.232,-0.098,-0.047,0.28,JPN,109,warm,high,DEEP,False,True,Avoid,High
Andy Sullivan,15326,T5,-0.278,-0.278,0.0,-0.2536,42.3,-0.1268,-0.057,4,-0.194,0.009,3-4,0.17,1.1,2.5,5.7,47.0,53.0,-0.06,-0.224,-0.027,0.063,-0.248,0.046,0.127,ENG,122,neutral,standard,DEEP,False,False,Avoid,High
Alistair Docherty,24962,T5,-0.295,-0.215,-0.08,-0.2429,42.5,0.0,0.07,0,,0.0,0-2,0.17,1.0,2.5,5.6,46.5,53.5,0.0,0.0,0.0,0.0,0.0,-0.857,-0.119,SCO,198,neutral,standard,DEEP,False,True,Avoid,High
Antoine Rozner,18770,T5,-0.308,-0.088,-0.22,-0.08,45.0,0.0408,-0.019,0,,0.0,0-2,0.17,1.0,2.4,5.5,46.1,53.9,-0.056,0.205,-0.114,-0.128,-0.094,-0.187,-0.017,FRA,216,neutral,standard,DEEP,False,True,Avoid,High
Matthew Jordan,25601,T5,-0.359,-0.279,-0.08,-0.2783,41.9,-0.0646,0.005,0,,0.0,0-2,0.16,1.0,2.3,5.3,44.7,55.3,-0.131,-0.062,0.106,-0.15,-0.237,-0.074,0.03,ENG,304,neutral,standard,DEEP,False,True,Avoid,High
Joe Dean,16497,T5,-0.4,-0.43,0.03,-0.3681,40.5,-0.2284,-0.158,4,-0.194,0.026,3-4,0.15,0.9,2.2,5.1,43.5,56.5,-0.2,-0.424,0.085,0.145,-0.394,-0.377,-0.023,ENG,268,hot,standard,DEEP,False,False,Avoid,High
Dan Brown,20766,T5,-0.479,-0.219,-0.26,-0.241,42.5,0.0223,0.052,0,,0.0,0-2,0.13,0.9,2.1,4.7,41.4,58.6,-0.032,0.252,-0.236,-0.266,-0.283,-0.094,0.098,ENG,136,cool,standard,DEEP,False,True,Avoid,High
Shaun Norris,7677,T5,-0.504,-0.534,0.03,-0.4442,39.3,-0.2902,-0.29,4,0.056,0.075,3-4,0.13,0.8,2.0,4.6,40.7,59.3,-0.413,-0.417,-0.078,0.391,-0.517,-0.349,0.127,RSA,94,hot,standard,DEEP,False,False,Avoid,High
Jose Luis Ballester,28473,T5,-0.51,-0.211,-0.3,-0.1449,44.0,-0.034,-0.164,0,,0.0,0-2,0.13,0.8,2.0,4.6,40.5,59.5,0.52,-0.216,-0.269,-0.077,-0.042,-0.574,-0.234,ESP,132,cold,high,DEEP,False,True,Avoid,High
Dan Bradbury,29971,T5,-0.514,-0.204,-0.31,-0.2251,42.8,0.0204,0.05,0,,0.0,0-2,0.13,0.8,2.0,4.6,40.4,59.6,0.04,0.226,-0.281,-0.257,-0.272,-0.389,0.03,ENG,153,cold,standard,DEEP,False,True,Avoid,High
Adrien Saddier,14792,T5,-0.561,-0.311,-0.25,-0.2893,41.8,-0.0252,-0.055,0,,0.0,0-2,0.12,0.8,1.9,4.4,39.1,60.9,0.126,-0.052,-0.065,-0.139,-0.129,-0.223,0.028,FRA,128,cool,standard,DEEP,False,True,Avoid,High
MJ Daffue,17068,T5,-0.592,-0.402,-0.19,-0.3815,40.3,0.0,-0.05,0,,0.0,0-2,0.12,0.8,1.8,4.3,38.3,61.7,0.0,0.0,0.0,0.0,0.0,-0.85,-0.137,RSA,227,hot,standard,DEEP,False,True,Avoid,High
Ren Yonezawa,25739,T5,-0.642,-0.422,-0.22,-0.4025,40.0,0.0,-0.05,0,,0.0,0-2,0.11,0.7,1.7,4.1,37.0,63.0,0.0,0.0,0.0,0.0,0.0,-0.752,0.137,JPN,249,neutral,standard,DEEP,False,True,Avoid,High
Kazuma Kobori,24369,T5,-0.692,-0.472,-0.22,-0.405,40.0,-0.1183,-0.168,0,,0.0,0-2,0.1,0.7,1.7,3.9,35.6,64.4,-0.346,-0.018,-0.05,0.015,-0.398,-0.239,0.321,JPN,211,neutral,high,DEEP,False,True,Avoid,High
Francesco Laporta,14987,T5,-0.726,-0.276,-0.45,-0.2449,42.5,-0.0485,-0.079,0,,0.0,0-2,0.1,0.7,1.6,3.8,34.8,65.2,0.082,-0.061,-0.067,-0.179,-0.226,-0.477,0.061,ITA,222,cold,standard,DEEP,False,True,Avoid,High
Henrik Stenson,5994,T5,-0.733,-0.733,0.0,-0.9805,31.0,-0.1967,-0.187,8,2.46,1.032,5+,0.1,0.6,1.6,3.8,34.6,65.4,-0.072,-0.043,-0.222,-0.71,-1.047,-0.559,0.187,SWE,,neutral,standard,DEEP,False,False,Avoid,High
Austen Truslow,18239,T5,-0.746,-0.526,-0.22,-0.5061,38.4,0.0,-0.05,0,,0.0,0-2,0.1,0.6,1.6,3.7,34.3,65.7,0.0,0.0,0.0,0.0,0.0,-1.127,0.008,USA,396,neutral,standard,DEEP,False,True,Avoid,High
James Nicholas,27598,T5,-0.778,-0.558,-0.22,-0.5376,37.9,0.0,-0.05,0,,0.0,0-2,0.09,0.6,1.5,3.6,33.4,66.6,0.0,0.0,0.0,0.0,0.0,-1.377,-0.114,USA,292,neutral,standard,DEEP,False,True,Avoid,High
Kazuki Higa,15756,T5,-0.786,-0.566,-0.22,-0.546,37.8,0.0,-0.05,0,,0.0,0-2,0.09,0.6,1.5,3.6,33.2,66.8,0.0,0.0,0.0,0.0,0.0,-0.858,0.197,JPN,177,neutral,standard,DEEP,False,True,Avoid,High
Martin Couvra,27811,T5,-0.83,-0.43,-0.4,-0.3667,40.6,-0.1075,-0.158,0,,0.0,0-2,0.09,0.6,1.4,3.4,32.1,67.9,0.006,-0.175,-0.047,-0.073,-0.289,-0.437,0.046,FRA,169,cool,standard,DEEP,False,True,Avoid,High
Ryutaro Nagano,10523,T5,-0.845,-0.625,-0.22,-0.6048,36.8,0.0,-0.05,0,,0.0,0-2,0.08,0.6,1.4,3.4,31.8,68.2,0.0,0.0,0.0,0.0,0.0,-1.124,0.033,JPN,491,neutral,standard,DEEP,False,True,Avoid,High
Padraig Harrington,5716,T5,-0.865,-0.595,-0.27,-0.8696,32.7,-0.2076,-0.138,6,2.751,1.086,5+,0.08,0.6,1.4,3.3,31.3,68.7,-0.535,-0.018,0.067,-0.427,-0.913,-0.426,0.08,IRL,,hot,standard,DEEP,True,False,Avoid,High
Frederic LaCroix,23733,T5,-0.88,-0.66,-0.22,-0.5869,37.1,-0.1243,-0.184,0,,0.0,0-2,0.08,0.5,1.4,3.3,30.9,69.1,0.03,-0.119,-0.135,-0.288,-0.512,-0.685,0.01,FRA,254,neutral,standard,DEEP,False,True,Avoid,High
Michael Hollick,15993,T5,-0.89,-0.82,-0.07,-0.7584,34.4,-0.1982,-0.128,0,,0.0,0-2,0.08,0.5,1.4,3.3,30.7,69.3,-0.443,-0.086,0.027,-0.241,-0.743,-0.833,0.146,ENG,149,warm,standard,DEEP,False,True,Avoid,High
Jack McDonald,16372,T5,-0.935,-0.855,-0.08,-0.8834,32.5,0.0,0.07,0,,0.0,0-2,0.08,0.5,1.3,3.1,29.6,70.4,0.0,0.0,0.0,0.0,0.0,-1.359,0.175,SCO,,neutral,standard,DEEP,False,True,Avoid,High
Sam Bairstow,28615,T5,-0.963,-0.853,-0.11,-0.7498,34.6,-0.255,-0.225,0,,0.0,0-2,0.07,0.5,1.3,3.1,28.9,71.1,0.016,-0.397,-0.216,-0.065,-0.663,-0.72,-0.05,ENG,389,cool,standard,DEEP,False,True,Avoid,High
Joakim Lagergren,14780,T5,-0.985,-0.875,-0.11,-0.7447,34.6,-0.3395,-0.3,0,,0.0,0-2,0.07,0.5,1.2,3.0,28.4,71.6,-0.241,-0.497,-0.154,0.107,-0.786,-0.807,-0.063,SWE,160,cool,standard,DEEP,False,True,Avoid,High
Caleb Surratt,30463,T5,-0.997,-0.547,-0.45,-0.4245,39.7,-0.2465,-0.306,0,,0.0,0-2,0.07,0.5,1.2,3.0,28.2,71.8,0.062,-0.509,-0.188,0.248,-0.386,-0.933,-0.131,USA,293,cold,standard,DEEP,False,True,Avoid,High
Baard Skogen,22489,T5,-1.06,-0.98,-0.08,-0.9996,30.7,0.0,0.05,0,,0.0,0-2,0.06,0.4,1.1,2.8,26.7,73.3,0.0,0.0,0.0,0.0,0.0,-1.411,0.072,NOR,,neutral,standard,DEEP,False,True,Avoid,High
Trav Smyth,19232,T5,-1.064,-0.654,-0.41,-0.6017,36.9,-0.1685,-0.119,0,,0.0,0-2,0.06,0.4,1.1,2.8,26.6,73.4,-0.516,-0.035,0.087,-0.165,-0.629,-0.918,0.067,AUS,145,cool,standard,DEEP,True,True,Avoid,High
Tim Wiedemeyer,29973,T5,-1.067,-0.857,-0.21,-0.8372,33.2,0.0,-0.05,0,,0.0,0-2,0.06,0.4,1.1,2.8,26.6,73.4,0.0,0.0,0.0,0.0,0.0,-1.165,0.006,GER,,warm,standard,DEEP,False,True,Avoid,High
Cameron John,19390,T5,-1.127,-1.047,-0.08,-1.0675,29.6,0.0,0.05,0,,0.0,0-2,0.06,0.4,1.1,2.6,25.3,74.7,0.0,0.0,0.0,0.0,0.0,-1.973,-0.079,AUS,256,neutral,standard,DEEP,False,True,Avoid,High
Jeong Woo Ham,17872,T5,-1.184,-0.784,-0.4,-0.7637,34.3,0.0,-0.05,0,,0.0,0-2,0.06,0.4,1.0,2.5,24.1,75.9,0.0,0.0,0.0,0.0,0.0,-1.155,0.166,KOR,410,cool,standard,DEEP,False,True,Avoid,High
Darren Clarke,3523,T5,-1.244,-1.214,-0.03,-1.2425,26.9,0.0,0.07,2,-0.975,0.0,0-2,0.05,0.4,1.0,2.4,22.8,77.2,0.0,0.0,0.0,0.0,0.0,-1.289,0.159,NIR,,warm,standard,DEEP,False,False,Avoid,High
Stuart Grehan,22633,T5,-1.267,-1.187,-0.08,-1.2152,27.3,0.0,0.07,0,,0.0,0-2,0.05,0.4,0.9,2.3,22.4,77.6,0.0,0.0,0.0,0.0,0.0,-1.778,0.1,IRL,,neutral,standard,DEEP,False,True,Avoid,High
Lev Grinberg,29461,T5,-1.275,-1.065,-0.21,-1.0451,29.9,0.0,-0.05,0,,0.0,0-2,0.05,0.4,0.9,2.3,22.2,77.8,0.0,0.0,0.0,0.0,0.0,-1.639,-0.029,ISR,,warm,standard,DEEP,False,True,Avoid,High
Peter Uihlein,11357,T5,-1.28,-0.749,-0.53,-0.6396,36.3,-0.4173,-0.407,4,0.806,0.217,3-4,0.05,0.4,0.9,2.3,22.1,77.9,-1.106,-0.385,0.163,0.379,-0.949,-1.276,-0.081,USA,189,cold,high,DEEP,True,False,Avoid,High
Naoyuki Kataoka,18994,T5,-1.283,-1.033,-0.25,-1.0129,30.4,0.0,-0.05,0,,0.0,0-2,0.05,0.4,0.9,2.3,22.1,77.9,0.0,0.0,0.0,0.0,0.0,-1.646,0.116,JPN,387,cool,standard,DEEP,False,True,Avoid,High
Marcus Plunkett,29716,T5,-1.328,-1.248,-0.08,-1.2761,26.3,0.0,0.07,0,,0.0,0-2,0.05,0.3,0.9,2.2,21.2,78.8,0.0,0.0,0.0,0.0,0.0,-2.281,-0.125,IRL,,neutral,standard,DEEP,False,True,Avoid,High
Tiger Christensen,31123,T5,-1.402,-1.322,-0.08,-1.3419,25.3,0.0,0.05,0,,0.0,0-2,0.04,0.3,0.8,2.0,19.8,80.2,0.0,0.0,0.0,0.0,0.0,-2.02,-0.101,DEN,,neutral,standard,DEEP,False,True,Avoid,High
Jack Buchanan,31844,T5,-1.479,-1.399,-0.08,-1.4266,24.0,0.0,0.07,0,,0.0,0-2,0.04,0.3,0.8,1.9,18.5,81.5,0.0,0.0,0.0,0.0,0.0,-1.997,0.103,SCO,,neutral,standard,DEEP,False,True,Avoid,High
Alejandro De Castro Piera,29810,T5,-1.503,-1.293,-0.21,-1.2726,26.4,0.0,-0.05,0,,0.0,0-2,0.04,0.3,0.7,1.9,18.1,81.9,0.0,0.0,0.0,0.0,0.0,-1.904,0.096,ESP,,warm,standard,DEEP,False,True,Avoid,High
Matthew Southgate,15191,T5,-1.511,-1.521,0.01,-1.4535,23.6,-0.4204,-0.39,4,2.556,0.601,3-4,0.04,0.3,0.7,1.9,17.9,82.1,-0.037,-0.529,-0.319,-0.482,-1.366,-1.122,0.107,ENG,453,warm,standard,DEEP,False,False,Avoid,High
Mason Howell,33759,T5,-1.632,-1.382,-0.25,-1.3622,25.0,0.0,-0.05,0,,0.0,0-2,0.03,0.2,0.6,1.7,16.0,84.0,0.0,0.0,0.0,0.0,0.0,-2.275,-0.109,USA,,cool,standard,STANDARD,False,True,Avoid,High
Matthew Baldwin,13344,T5,-1.685,-1.605,-0.08,-1.4261,24.0,-0.4261,-0.396,0,,0.0,0-2,0.03,0.2,0.6,1.6,15.2,84.8,-0.166,-0.475,-0.3,-0.483,-1.424,-1.16,0.156,ENG,,neutral,standard,DEEP,False,True,Avoid,High
Jiho Yang,14419,T5,-1.758,-1.568,-0.19,-1.5477,22.1,0.0,-0.05,0,,0.0,0-2,0.03,0.2,0.6,1.5,14.2,85.8,0.0,0.0,0.0,0.0,0.0,-2.229,0.114,KOR,,hot,standard,DEEP,False,True,Avoid,High
Nevill Ruiter,33707,T5,-1.774,-1.584,-0.19,-1.5645,21.8,0.0,-0.05,0,,0.0,0-2,0.03,0.2,0.6,1.5,14.0,86.0,0.0,0.0,0.0,0.0,0.0,-2.365,-0.156,RSA,,hot,standard,DEEP,False,True,Avoid,High
Fifa Laopakdee,27019,T5,-1.901,-1.451,-0.45,-1.4308,23.9,0.0,-0.05,0,,0.0,0-2,0.02,0.2,0.5,1.3,12.3,87.7,0.0,0.0,0.0,0.0,0.0,-2.662,-0.082,THA,,cold,standard,DEEP,False,True,Avoid,High
David Duval,4761,T5,-1.944,-1.954,0.01,-2.1231,13.1,0.0,0.0,6,-0.249,0.562,5+,0.02,0.2,0.5,1.3,11.8,88.2,0.0,0.0,0.0,0.0,0.0,-3.025,0.192,USA,,warm,standard,DEEP,False,False,Avoid,High
Tom Sloman,24055,T5,-1.983,-1.873,-0.11,-1.9012,16.6,0.0,0.07,0,,0.0,0-2,0.02,0.2,0.5,1.2,11.4,88.6,0.0,0.0,0.0,0.0,0.0,-3.0,-0.017,ENG,,cool,standard,DEEP,False,True,Avoid,High
Mateo Pulcini,35013,T5,-2.036,-1.826,-0.21,-1.806,18.0,0.0,-0.05,0,,0.0,0-2,0.02,0.2,0.4,1.2,10.8,89.2,0.0,0.0,0.0,0.0,0.0,-2.654,-0.025,ARG,,warm,standard,DEEP,False,True,Avoid,High
David Howard,33657,T5,-3.163,-2.942,-0.22,-2.9225,0.6,0.0,-0.05,0,,0.0,0-2,0.0,0.0,0.1,0.4,5,95,0.0,0.0,0.0,0.0,0.0,-4.002,0.205,USA,,neutral,standard,STANDARD,False,True,Avoid,High
