course,par,yardage,yardage_4_5,yardage_3,adj_score_to_par,adj_par_3_score,adj_par_4_score,adj_par_5_score,adj_driving_distance,adj_sd_distance,adj_driving_accuracy,putt_sg,arg_sg,app_sg,ott_sg,fw_width,fw_diff,rgh_diff,non_rgh_diff,miss_fw_pen_frac,adj_gir,less_150_sg,greater_150_sg,arg_fairway_sg,arg_rough_sg,arg_bunker_sg,less_5_ft_sg,greater_5_less_15_sg,greater_15_sg,adj_penalties,adj_ob
"ACCORDIA GOLF Narashino Country Club",70,7032,476,169,-1.28,-0.12,0.04,-0.35,287,18.1,0.5476,0.013,0.001,0.055,-0.014,30,0.36,0.33,0.43,0.0306,0.6979,0.038,0.066,-0.037,0.016,0.018,-0.008,0.051,0.011,0.26,0.03
"Albany GC",72,7313,490,188,-1.07,0.02,0.02,-0.26,301.2,17.5,0.683,0.014,-0.032,0.003,0.025,39.1,0.51,0.22,0.35,0.092,0.6135,0.002,0.003,-0.047,-0.018,-0.066,-0.014,0.044,0.033,0.68,0.19
"Arnold Palmer's Bay Hill Club &amp; Lodge",72,7350,465,208,1.07,0.17,0.15,-0.29,282.5,18.3,0.6004,-0.002,-0.008,-0.049,-0.035,33.9,0.41,0.35,0.3,0.0567,0.5737,-0.048,-0.049,0.001,-0.07,0.012,0.001,0.001,-0.009,0.67,0.14
"Aronimink Golf Club",70,7086,450,199,0.74,0.16,0.06,-0.33,291.4,18.1,0.6105,-0.008,-0.069,-0.014,0.014,35.3,0.35,0.31,0.43,0.0047,0.676,-0.028,-0.003,-0.065,-0.109,-0.036,-0.004,-0.014,-0.011,0.09,0.01
"Augusta National Golf Club",72,7492,483,182,1.94,0.17,0.22,-0.24,295.7,20.9,0.7128,-0.023,-0.088,-0.056,0.02,52.7,0.38,0.27,0.42,0.0252,0.5826,-0.079,-0.046,-0.111,-0.029,-0.037,-0.003,-0.025,-0.055,0.54,0.04
"Austin Country Club",71,6899,449,179,-2.09,0,-0.07,-0.52,300.8,21.4,0.5859,0.005,0.016,0.012,0.035,33.3,0.29,0.16,0.37,0.0518,0.7087,0,0.021,0.013,0.024,0.011,0.002,0.018,-0.001,0.59,0.06
"Baltusrol GC",70,7282,461,207,0.88,0.06,0.09,-0.25,280.6,18.2,0.5881,-0.005,0.018,0.048,-0.022,30.2,0.36,0.33,0.41,0.0336,0.6803,0.009,0.064,0.018,-0.027,0.05,-0.002,-0.021,0.002,0.22,0.02
"Bellerive CC",70,7248,462,195,0.42,0.08,0.05,-0.27,284.9,18.6,0.6484,0.004,0.004,0.033,0.003,34.6,0.41,0.4,0.36,0.0527,0.65,0.032,0.034,0.015,-0.039,0.019,-0.002,0.013,0.004,0.44,0.01
"Bethpage Black",71,7355,469,196,2.11,0.16,0.18,-0.23,287.7,17.2,0.5699,-0.01,-0.001,-0.027,-0.008,30.6,0.44,0.35,0.53,0.0059,0.5818,-0.023,-0.028,-0.009,0.002,-0.005,-0.003,-0.023,-0.012,0.08,0.03
"Black Desert Resort",71,7236,470,167,-1.96,-0.06,-0.04,-0.43,302.7,21.5,0.8424,-0.011,-0.025,0.029,0.117,48.8,0.53,0.28,0.49,0.1618,0.7534,0.003,0.04,-0.028,0.003,-0.049,-0.001,-0.03,-0.012,0.57,0.2
"Castle Pines Golf Club",72,7981,511,208,0.38,0.09,0.13,-0.33,323.2,19.3,0.6338,0.007,-0.041,-0.004,0.097,34.6,0.48,0.49,0.4,0.0617,0.6351,-0.078,0.03,0.003,-0.12,-0.017,0.005,-0.003,0.017,0.69,0.14
"Caves Valley Golf Club",71,7428,470,210,-0.23,0.11,0.03,-0.33,293.2,17.2,0.6167,-0.005,-0.016,0.041,0.033,32.1,0.32,0.26,0.28,0.0186,0.6512,0.002,0.056,-0.001,-0.064,0.03,-0.001,-0.015,-0.002,0.37,0.03
"Club de Golf Chapultepec",71,7287,464,197,0.43,0.18,0.05,-0.27,299.7,27.5,0.5711,-0.024,0.006,0.006,0.061,31,0.34,0.34,0.6,0.0152,0.6326,-0.052,0.036,0.006,0.034,-0.078,-0.013,-0.036,-0.032,0.32,0.08
"Colonial Country Club",70,7026,447,194,0.56,0.07,0.06,-0.24,283.2,19.3,0.5552,0.003,0.027,-0.015,-0.043,28.2,0.37,0.35,0.35,0.0162,0.6141,-0.03,-0.005,0.008,0.032,0.043,0.002,0.002,0.005,0.29,0.02
"Congaree Golf Club",71,7364,473,188,0.08,0.1,0.05,-0.29,301.2,20.9,0.7075,-0.005,-0.041,-0.009,0.066,51.4,0.35,0.3,0.42,0.0346,0.6449,-0.025,-0.001,-0.047,-0.03,-0.053,0,-0.001,-0.02,0.28,0.02
"Congressional CC (Blue)",71,7416,474,195,0.03,0,0.05,-0.19,288.1,17.1,0.5787,-0.008,0.026,0.041,0.015,26.7,0.31,0.26,0.5,0.0173,0.6881,0.053,0.036,0.03,0.029,0.017,0.001,-0.027,-0.008,0.39,0.02
"Conway Farms GC",71,6987,445,191,-0.81,0.11,-0.02,-0.34,281,19.9,0.5999,0.005,0.005,0.011,0.012,30.4,0.31,0.26,0.38,0.0321,0.6321,0.013,0.01,0.013,0.013,-0.047,0.004,0.008,0.005,0.38,0.07
"Crooked Stick GC",72,7474,478,195,-0.32,0.13,0.07,-0.38,284.2,16.1,0.6167,0.007,0.002,0.022,-0.006,35.2,0.33,0.22,0.37,0.0584,0.6416,0.014,0.025,0.008,-0.002,-0.002,0.006,0.012,0.004,0.51,0.07
"Detroit Golf Club",72,7326,471,184,-1.98,0.01,-0.04,-0.4,297.2,19.6,0.6584,-0.005,0.014,0.028,0.044,35.7,0.3,0.27,0.37,0.0095,0.7304,0.002,0.048,0.03,-0.002,0.008,-0.003,-0.011,-0.005,0.1,0.03
"Dunes Golf and Beach Club",71,7146,456,192,-1.46,0.03,-0.02,-0.46,291.5,19.4,0.5764,-0.001,0.026,0.016,-0.011,33.9,0.29,0.22,0.4,0.0089,0.6939,0.039,0.001,0.018,0.05,-0.004,0.002,-0.004,-0.005,0.14,0
"Eagle Point Golf Club",72,7291,470,176,0.7,0.11,0.07,-0.11,284.8,16.6,0.6022,-0.002,0.002,-0.053,-0.013,33,0.25,0.13,0.36,0.0305,0.6056,-0.038,-0.062,0.014,0.012,-0.063,0.001,0.014,-0.02,0.47,0.01
"East Lake Golf Club",70,7279,461,205,0.43,0.12,0.07,-0.47,291.3,16.1,0.5509,0.014,0.004,0.017,0.001,25,0.46,0.43,0.45,0.0188,0.6161,0.019,0.016,0.011,-0.022,0.032,0.009,0.026,0.011,0.27,0.04
"East Lake Golf Club (Par 71)",71,7253,464,189,-1.05,0.04,0.03,-0.5,303,16.4,0.5603,0.031,-0.017,-0.026,0.054,30.1,0.52,0.51,0.56,0.0049,0.623,-0.022,-0.029,0,-0.074,-0.012,0.007,0.085,0.017,0.17,0.03
"Erin Hills",72,7723,497,197,1.35,0.1,0.12,-0.07,294.7,20.4,0.7454,-0.011,-0.074,-0.002,0.016,48.8,0.54,0.49,0.56,0.017,0.6485,-0.059,0.023,-0.086,-0.149,-0.172,0.003,0.004,-0.046,0.09,0
"Firestone CC (South)",70,7337,467,200,1.48,0.09,0.12,-0.18,298.8,22.1,0.4636,0.002,-0.005,-0.014,0.012,23.5,0.37,0.35,0.43,0.0013,0.5544,-0.041,0.005,-0.007,-0.002,-0.005,0.002,0.005,-0.001,0.15,0.03
"Glen Abbey GC",72,7197,466,168,-1.05,0.06,0.05,-0.44,299.9,19.4,0.5168,0.007,0.006,-0.047,0.032,31.3,0.31,0.25,0.32,0.0241,0.6294,-0.01,-0.074,0.016,0.02,-0.023,0.005,0.016,0.001,0.46,0.04
"Glen Oaks Club",70,7246,460,201,1.61,0.14,0.13,-0.23,285.9,19.2,0.6488,-0.013,-0.019,-0.001,0.021,37,0.34,0.3,0.39,0.0264,0.6293,-0.034,0.018,-0.009,-0.073,-0.009,-0.004,-0.012,-0.029,0.28,0.04
"Golf Club of Houston",72,7319,468,192,-0.51,0.05,0.04,-0.27,280.5,16.6,0.6321,0.01,0.039,0.015,-0.049,32.9,0.32,0.14,0.36,0.0987,0.6954,0.035,0.004,0.034,0.072,0.022,0.006,0.015,0.013,0.84,0.07
"Hamilton Golf &amp; Country Club",70,6925,437,204,-0.3,0.1,0.02,-0.46,289.7,17.8,0.5562,-0.01,0.002,0.009,0.006,33.2,0.4,0.33,0.55,0.0193,0.667,0.006,0.011,-0.003,-0.029,0.039,-0.005,-0.021,-0.011,0.09,0.01
"Harbour Town Golf Links",71,6989,447,184,-0.26,0.12,0.03,-0.35,276.8,19.3,0.6149,0.001,0.041,-0.027,-0.052,32.4,0.27,0.15,0.36,0.0328,0.5995,0.008,-0.044,0.037,0.075,0.008,0.001,-0.005,0.005,0.47,0.09
"Hurstbourne Country Club",70,7022,445,200,0.24,0.14,0.04,-0.4,300,23.9,0.5591,0.005,-0.037,-0.047,0.033,36.5,0.47,0.43,0.44,0.0329,0.6235,-0.044,-0.049,0.022,-0.076,-0.072,0.003,0.004,0.01,0.35,0.07
"Innisbrook Resort and Golf Club - Copperhead Course",71,7082,469,198,0.68,0.12,0.12,-0.24,277.6,17.2,0.5622,-0.003,0.016,-0.028,-0.069,27.5,0.35,0.23,0.51,0.0227,0.5686,-0.031,-0.026,0.031,0.011,0,0.001,-0.011,-0.004,0.19,0.02
"Keene Trace Golf Club (Champion Trace)",72,7148,457,189,-3.19,-0.03,-0.07,-0.59,295.9,18.5,0.619,0.002,0.019,0.037,0.038,34.6,0.33,0.24,0.47,0.0447,0.7427,0.046,0.032,0.028,0.018,-0.002,0.002,0.004,0.001,0.42,0.1
"Le Golf National",71,7162,459,183,-0.68,0,0.05,-0.41,276.7,16.2,0.6226,0.013,-0.007,0.022,-0.042,30,0.42,0.28,0.52,0.0751,0.6911,0.015,0.025,0.002,-0.036,0.017,0,0.019,0.03,0.84,0.07
"Liberty National Golf Club",71,7201,460,190,-0.3,0.05,0.07,-0.43,286.4,17.2,0.6609,0.008,0.019,0.015,-0.023,36.8,0.47,0.2,0.46,0.1028,0.6086,0.008,0.018,0.006,-0.016,0.053,0.005,0.015,0.008,0.76,0.07
"Medinah Country Club (No. 3)",72,7470,477,199,-1.16,0.05,0.01,-0.36,290.6,18.6,0.6228,0.009,0.033,0.021,0.016,28.1,0.34,0.35,0.22,0.0147,0.6695,0.012,0.025,0.023,0.001,0.107,0.009,0.022,-0.001,0.24,0.04
"Memorial Park Golf Course",70,7123,481,177,0.16,0.07,0.07,-0.29,295.3,16.8,0.5575,0.001,-0.015,0.001,0.014,32.7,0.25,0.19,0.33,0.0232,0.634,-0.01,0.006,-0.029,0.005,0.016,0,-0.003,0.005,0.36,0.02
"Muirfield Village Golf Club",72,7374,473,190,1.29,0.19,0.14,-0.22,286.8,16.9,0.6294,0,-0.058,-0.05,-0.02,33.4,0.47,0.45,0.39,0.0551,0.5752,-0.041,-0.055,-0.025,-0.095,-0.059,0.001,-0.001,-0.001,0.7,0.06
"Muirfield Village Golf Club (Workday)",72,7311,470,187,0.07,0.16,0.05,-0.27,292.2,19.4,0.5903,0.003,-0.052,-0.018,-0.007,32.9,0.45,0.38,0.38,0.0706,0.6304,0.001,-0.029,-0.028,-0.069,-0.058,0,0.008,0.004,0.8,0.07
"Oak Hill Country Club",70,7339,469,196,2.86,0.16,0.19,-0.03,288.5,20.6,0.4525,-0.005,-0.042,-0.015,-0.072,28,0.37,0.33,0.57,0.0358,0.5652,-0.001,-0.022,0.007,-0.082,-0.053,-0.004,-0.018,0.003,0.34,0.02
"Oakdale Golf &amp; Country Club",72,7231,445,188,-0.76,-0.02,0.03,-0.37,282.4,19.2,0.5556,0.004,-0.009,0.001,-0.035,29.8,0.43,0.42,0.37,0.0121,0.6374,0.017,-0.012,0.019,-0.054,0.036,-0.001,0.003,0.014,0.08,0
"Oakmont Country Club",70,7392,464,223,4.34,0.25,0.28,0.01,293.5,19.5,0.5439,-0.038,-0.129,-0.012,-0.05,28,0.6,0.56,0.67,0.0321,0.5734,-0.074,0.014,-0.05,-0.234,-0.101,-0.017,-0.078,-0.041,0.2,0.01
"Ocean Course at Kiawah Island",72,7671,489,207,2.57,0.29,0.21,-0.17,293,17.9,0.5894,-0.005,-0.02,-0.056,-0.017,36.7,0.4,0.32,0.31,0.0616,0.532,-0.089,-0.044,-0.007,-0.04,-0.288,-0.007,-0.012,0.004,0.65,0.08
"Olympia Fields Country Club (North Course)",70,7283,464,196,1.54,0.11,0.12,-0.16,293.6,20.9,0.5079,-0.004,-0.007,-0.004,-0.031,26.4,0.38,0.36,0.34,0.0238,0.6046,-0.035,0.016,0.007,-0.048,0.035,0.001,-0.006,-0.01,0.24,0.04
"PGA National Resort (The Champion - Par 71)",71,7094,453,186,-1.01,0.12,0.01,-0.52,283.1,16.2,0.5938,0.012,0.032,-0.015,-0.036,29.2,0.33,0.21,0.4,0.0421,0.6896,0.018,-0.033,0.046,0.052,0.003,0.005,0.026,0.012,0.56,0.04
"PGA National Resort (The Champion)",70,7020,448,187,1.41,0.19,0.11,-0.35,277.1,16.3,0.6025,0.004,0.019,-0.054,-0.041,29.5,0.34,0.24,0.37,0.0451,0.5985,-0.021,-0.07,-0.001,0.064,0.016,-0.001,0.006,0.01,0.73,0.06
"PGA West (Palmer)",72,6844,460,173,-1.98,0.03,0.05,-0.51,277.8,15,0.6311,-0.001,0.045,-0.021,-0.012,34.9,0.28,0.14,0.4,0.0827,0.6639,0.006,-0.035,0.025,0.081,-0.016,0,-0.004,0.002,0.75,0.13
"Pebble Beach Golf Links",72,6891,444,170,-0.75,0.06,0.02,-0.3,273.1,17.9,0.6863,-0.015,0.031,-0.04,-0.028,40.4,0.32,0.16,0.41,0.0482,0.6588,-0.03,-0.048,0.04,0.055,-0.021,-0.011,-0.035,-0.003,0.35,0.09
"Pebble Beach Golf Links (U.S. Open)",71,7003,450,176,1.61,0.11,0.15,-0.16,270.2,17.9,0.6493,-0.001,-0.048,-0.047,-0.048,34.9,0.42,0.34,0.49,0.0395,0.5595,-0.04,-0.052,-0.006,-0.073,-0.046,0.004,0.001,-0.014,0.36,0.1
"Pete Dye Stadium Course",72,7163,458,188,-1.5,0.09,-0.05,-0.34,283.2,16.9,0.5969,0.009,0.029,0.004,-0.021,33.9,0.29,0.18,0.45,0.0432,0.6805,0.04,-0.017,0.035,0.059,-0.145,0.004,0.013,0.013,0.75,0.14
"Pinehurst Resort &amp; Country Club (Course No. 2)",70,7513,480,201,3.09,0.25,0.2,-0.15,294.7,18.2,0.6685,-0.006,-0.087,-0.028,0.037,35,0.39,null,0.37,0.0042,0.5317,-0.045,-0.023,-0.112,null,-0.042,0.001,-0.011,-0.014,0.03,0.01
"Plainfield CC",70,6829,438,175,1.05,0.07,0.1,-0.21,282.2,21.7,0.5511,-0.013,-0.036,-0.014,-0.015,32.9,0.4,0.34,0.54,0.0114,0.6434,-0.022,-0.007,-0.018,-0.056,-0.05,-0.001,-0.03,-0.017,0.3,0.08
"Plantation Course at Kapalua",73,7371,453,190,-2.45,0.05,-0.05,-0.52,294.8,20.5,0.7021,-0.004,0.009,0.02,0.086,48.8,0.37,0.15,0.43,0.0641,0.767,0.001,0.033,0.002,0.024,0.008,0.001,-0.005,-0.012,0.39,0.08
"Quail Hollow Club",71,7427,475,194,0.86,0.15,0.12,-0.33,297.7,19.4,0.5477,-0.009,0.002,-0.018,0.027,31.7,0.33,0.21,0.35,0.0428,0.5951,-0.038,-0.013,-0.006,0.012,0.008,0,-0.016,-0.021,0.51,0.04
"Quail Hollow Club (PGA Championship)",71,7526,479,209,2.31,0.23,0.2,-0.28,296.9,18.7,0.5871,-0.019,-0.038,-0.029,0.034,31.2,0.41,0.34,0.38,0.0447,0.5399,-0.067,-0.018,-0.019,-0.096,0,-0.005,-0.036,-0.027,0.43,0.03
"RTJ Trail (Grand National)",71,7095,453,190,-2.13,0.01,-0.06,-0.51,282.9,17,0.6688,-0.006,0.03,0.058,0.037,37.5,0.36,0.34,0.45,0.0136,0.7379,0.093,0.041,-0.029,0.064,0.091,0.001,-0.008,-0.017,0.19,0.03
"Ridgewood CC",71,7290,467,190,0.09,0.01,0.06,-0.21,280.2,16.8,0.6264,0.008,-0.023,0.026,-0.03,32.6,0.33,0.31,0.41,0.0104,0.6491,0.003,0.035,0,-0.059,-0.008,0.004,0.017,0.006,0.11,0.03
"Robert Trent Jones GC",71,7265,465,187,-0.82,0.01,0,-0.29,285.6,17.6,0.6464,-0.004,-0.026,0.046,0.033,29.9,0.31,0.26,0.4,0.0439,0.714,0.036,0.051,-0.021,-0.015,-0.037,0.005,-0.011,-0.012,0.39,0.01
"Royal Liverpool",71,7273,467,182,1.87,0.12,0.18,-0.21,275.7,22.1,0.522,0.014,-0.037,-0.037,-0.111,30,0.42,0.25,0.67,0.0373,0.5724,-0.078,-0.022,0,-0.029,-0.182,0.001,0.025,0.028,0.31,0.19
"Royal Montreal GC (Blue)",70,7050,453,178,-0.32,-0.01,0.04,-0.37,280.5,17.2,0.6313,0.005,0.054,0.005,-0.005,34.1,0.31,0.24,0.4,0.0408,0.6167,0.011,0.002,0.019,0.056,0.087,-0.002,0.013,0.01,0.22,0
"Royal Portrush Golf Club",71,7321,467,193,0.72,0.11,0.11,-0.32,293.5,20.9,0.5246,0.007,-0.055,-0.035,-0.029,27,0.42,0.24,0.55,0.0298,0.6343,-0.043,-0.032,-0.063,-0.066,-0.173,0,0.019,0.01,0.2,0.11
"Royal Troon",71,7323,468,193,3.01,0.22,0.19,0.01,276.8,23.7,0.5496,0.001,0.003,-0.058,-0.115,33,0.48,0.2,0.49,0.0638,0.5285,-0.061,-0.056,0.036,0.017,-0.149,-0.007,-0.006,0.019,0.41,0.19
"Sea Island Golf Club (Seaside Course)",70,6883,436,195,-1.22,0,-0.03,-0.43,281.7,15.9,0.6986,0.005,0.024,0.027,-0.006,42.3,0.39,0.16,0.39,0.1014,0.7446,0.016,0.034,0.014,0.05,0.049,0.003,0.012,0.004,0.45,0.06
"Sedgefield Country Club",70,6958,442,192,-1.15,-0.02,0,-0.56,286.1,18.4,0.6201,-0.009,-0.038,0.068,0.02,29.5,0.42,0.33,0.67,0.0476,0.7348,0.057,0.075,-0.037,-0.072,0.025,0.002,-0.016,-0.021,0.28,0.13
"Shadow Creek Golf Course",72,7361,472,190,-0.09,0.1,0.07,-0.28,296.2,18.1,0.5289,0.006,-0.077,0.007,0.006,30.8,0.51,0.44,0.52,0.0411,0.63,0.002,0.01,-0.051,-0.091,-0.098,0.011,0.016,-0.015,0.52,0.14
"Sherwood Country Club",72,6986,464,192,-2.11,0.05,-0.04,-0.4,276.3,17.5,0.7204,0.017,0.021,0.007,-0.034,35.9,0.57,0.47,0.7,0.0632,0.6761,0.029,0,0.034,0.008,0.008,0.008,0.041,0.012,0.48,0.11
"Shinnecock Hills Golf Club",70,7398,474,190,3.77,0.27,0.25,-0.13,295.8,21.6,0.7134,-0.03,-0.088,-0.081,0.032,47.6,0.46,0.42,0.38,0.0103,0.5716,-0.118,-0.063,-0.102,-0.065,-0.08,-0.013,-0.05,-0.038,0.06,0.01
"Silverado Resort (North Course)",72,7094,452,190,-0.96,0.08,0,-0.32,287.8,21.2,0.5084,-0.005,-0.018,-0.003,-0.012,26.3,0.33,0.26,0.44,0.0181,0.6872,0.001,-0.007,-0.019,-0.028,-0.003,-0.001,-0.009,-0.007,0.17,0.08
"Southern Hills Country Club",70,7418,471,213,2.65,0.24,0.17,-0.15,299.5,21,0.6198,-0.009,-0.034,-0.036,0.032,44.2,0.28,0.25,0.23,0.0388,0.5363,-0.052,-0.027,-0.041,-0.04,-0.029,-0.005,-0.027,0,0.41,0.01
"Spyglass Hill Golf Course",72,7020,453,170,-1.45,0.02,-0.02,-0.35,282.9,15.7,0.5704,-0.01,0.057,-0.037,-0.023,24.3,0.28,0.17,0.59,0.0112,0.6623,-0.018,-0.053,0.03,0.081,-0.004,-0.006,-0.018,-0.011,0.25,0.04
"St. Andrews Links (Old Course)",72,7247,430,184,-0.29,0.16,0,-0.33,302.7,25.5,0.6402,0.003,-0.115,-0.057,0.07,71.9,0.33,0.21,0.83,0.0297,0.7752,-0.066,-0.047,-0.108,-0.004,-0.348,-0.003,0.061,-0.027,0.24,0.07
"St. George's G&amp;CC",70,7006,464,196,0.3,0.04,0.11,-0.34,293.2,18.9,0.6188,-0.007,-0.019,-0.011,0.019,31.3,0.45,0.43,0.64,0.0162,0.6171,-0.017,-0.009,0.012,-0.033,-0.074,-0.004,-0.024,0.004,0.08,0.03
"TPC Boston",71,7144,454,197,0.1,0.11,0.03,-0.24,283.2,15.3,0.6299,0.001,-0.013,-0.005,0.012,35.9,0.34,0.22,0.48,0.0195,0.635,-0.009,-0.004,-0.022,-0.018,-0.016,0,0.002,0.002,0.38,0.02
"TPC Craig Ranch",72,7250,465,190,-2.76,0.01,-0.08,-0.51,293.7,16.4,0.6408,0.009,0.047,0.046,0.032,38.5,0.36,0.23,0.47,0.0268,0.7074,0.02,0.058,0.046,0.06,0.032,0.003,0.013,0.019,0.19,0.01
"TPC Craig Ranch (Par 71)",71,7289,466,193,-2.52,-0.03,-0.07,-0.55,295.5,15.3,0.6182,0.014,0.048,0.066,0.029,35.7,0.35,0.23,0.44,0.0288,0.7082,0.065,0.066,0.056,0.063,0.002,0.005,0.026,0.018,0.22,0.02
"TPC Deere Run",71,7144,457,187,-1.84,-0.03,-0.05,-0.4,292.4,18.2,0.6857,0.012,-0.012,0.025,0.045,37.7,0.39,0.4,0.37,0.026,0.7223,0.024,0.026,-0.021,-0.015,0.014,0.005,0.026,0.014,0.26,0.01
"TPC Four Seasons Resort",70,6978,446,183,-0.01,0.02,0.06,-0.4,284.9,17.9,0.5711,0,-0.006,0.016,-0.014,30.2,0.36,0.27,0.36,0.0608,0.6267,0.001,0.025,-0.026,0.026,0.035,-0.005,-0.001,0.011,0.41,0.07
"TPC Harding Park",70,7180,457,197,1.03,0.12,0.11,-0.38,288.2,19.5,0.5001,0.009,-0.014,-0.004,-0.009,28.7,0.34,0.34,0.22,0.0126,0.5909,-0.03,0.007,0.004,-0.048,-0.019,0.005,0.032,-0.002,0.11,0.06
"TPC Louisiana",72,7293,463,203,-1.62,0.06,-0.05,-0.35,275.4,16,0.69,0.009,0.015,0.054,0.002,34.7,0.29,0.2,0.28,0.0515,0.7041,0.043,0.06,0.007,0.082,0.015,0,0.021,0.015,0.43,0.05
"TPC Potomac at Avenel Farm",70,7069,451,190,0.93,0.07,0.08,-0.13,280.7,18.1,0.5972,0.003,-0.014,0,-0.038,31.4,0.47,0.31,0.57,0.0676,0.614,0.01,-0.003,0.024,-0.029,-0.061,0.003,0.005,0.004,0.52,0.06
"TPC River Highlands",70,6801,432,188,-0.61,0.02,-0.01,-0.3,284.5,18.8,0.648,0.003,-0.061,0.016,-0.006,36.8,0.43,0.32,0.36,0.0727,0.6923,0.004,0.024,-0.068,-0.06,-0.038,0.002,0.004,0.003,0.47,0.08
"TPC San Antonio - The Oaks Course",72,7337,470,190,0.28,0.07,0.08,-0.21,291,18.8,0.5446,-0.001,0.005,-0.03,-0.026,30.3,0.3,0.1,0.46,0.022,0.5913,-0.038,-0.025,0,0.056,-0.049,0.002,0.005,-0.013,0.26,0.05
"TPC Sawgrass - THE PLAYERS Stadium Course",72,7146,460,178,0.74,0.15,0.13,-0.29,282.7,18.4,0.5964,-0.005,-0.036,-0.045,-0.051,30.5,0.46,0.36,0.41,0.0575,0.6205,-0.068,-0.03,-0.025,-0.07,-0.048,0,-0.003,-0.013,0.73,0.09
"TPC Scottsdale (Stadium Course)",71,7277,467,184,-0.34,0.05,0.05,-0.36,300.7,17.8,0.5589,0.006,-0.01,-0.004,0.017,31.5,0.36,0.2,0.37,0.0773,0.6602,-0.009,-0.002,-0.019,0.025,-0.018,0.002,0.01,0.008,0.64,0.04
"TPC Southwind",70,7097,457,176,0.12,0.04,0.06,-0.4,290.7,17.3,0.5636,0.01,0.008,-0.013,-0.004,29.3,0.44,0.37,0.43,0.0421,0.5986,0.002,-0.021,0.007,-0.015,0.031,0.003,0.022,0.01,0.67,0.06
"TPC Summerlin",71,7073,450,191,-1.49,0.05,-0.03,-0.46,299.9,20,0.6094,0.005,-0.048,0.013,0.053,34.5,0.38,0.32,0.47,0.0215,0.7238,0.004,0.019,-0.056,-0.037,-0.037,0.002,0.01,0.005,0.38,0.04
"TPC Toronto at Osprey Valley - North Course",70,7172,463,175,-1.2,-0.05,0,-0.53,302.5,18.7,0.647,0.002,0.025,0.018,0.065,39.4,0.42,0.31,0.49,0.025,0.7088,0.022,0.015,0.053,0.012,-0.016,0,0.009,-0.002,0.25,0.06
"TPC Twin Cities",71,7220,463,191,-1.25,-0.01,-0.01,-0.38,293.1,16.6,0.638,0.014,0.012,0.023,0.007,35.2,0.4,0.25,0.42,0.0721,0.7207,0.032,0.018,0.024,0.01,-0.037,0.004,0.015,0.029,0.7,0.12
"The Concession Golf Club",72,7327,465,204,0.22,0.15,0.07,-0.28,285.8,18,0.6994,0.001,-0.03,-0.002,-0.029,50.3,0.45,0.13,0.3,0.1041,0.6333,-0.02,0.006,-0.072,0.067,0,0.007,0.006,-0.013,0.77,0.22
"The Country Club of Jackson",72,7218,462,186,-1.62,0.01,-0.04,-0.31,289.3,18,0.5439,0.003,0.021,0.014,0.003,28.9,0.29,0.26,0.36,0.0186,0.6998,0.025,0.007,0.009,0.029,0.044,0,0.001,0.009,0.24,0.01
"The Los Angeles Country Club (North Course)",70,7335,482,213,1.9,0.17,0.15,-0.17,294.8,19.7,0.6615,-0.015,-0.023,0.01,0.033,43,0.51,0.48,0.6,0.0097,0.6078,-0.04,0.035,-0.023,-0.05,-0.114,-0.001,-0.029,-0.026,0.08,0.02
"The Old White TPC",70,7113,451,198,-0.83,0.05,-0.03,-0.34,291.1,18.8,0.6592,0.005,0.008,0.044,0.029,36.6,0.34,0.25,0.5,0.0461,0.6983,0.034,0.052,0.031,-0.006,-0.025,0.004,0.002,0.008,0.24,0.07
"The Philadelphia Cricket Club (Wissahickon Course)",70,7103,456,179,-0.31,0.06,0.02,-0.41,296.3,19.8,0.5566,-0.011,-0.014,0.028,0.008,35.4,0.28,0.23,0.42,0.005,0.7197,0.039,0.018,0.013,-0.021,-0.023,-0.003,-0.017,-0.019,0.09,0.03
"The Renaissance Club",70,7113,479,178,0.2,0.06,0.09,-0.33,295,20.3,0.5171,-0.016,0.063,0.005,-0.01,32.2,0.29,0.22,0.59,0.0082,0.6499,-0.01,0.012,0.062,0.091,-0.043,-0.024,-0.033,0.012,0.05,0.02
"The Riviera Country Club",71,7248,463,191,0.51,0.09,0.13,-0.43,286.6,19.5,0.5212,-0.018,0.008,0.012,-0.029,34.1,0.24,0.16,0.45,0.0065,0.5629,-0.006,0.018,0.002,0.044,-0.051,-0.011,-0.036,-0.013,0.08,0.04
"The Summit Club",72,7359,474,181,-3.05,-0.03,-0.09,-0.52,298.4,19.8,0.6491,0,0.048,0.085,0.056,37,0.34,0.16,0.41,0.0543,0.7235,0.09,0.082,0.054,0.084,-0.009,0,-0.003,0.004,0.44,0.03
"Torrey Pines Golf Course (South Course)",72,7593,487,194,1.08,0.09,0.17,-0.25,290.5,15.7,0.5299,-0.018,0.001,-0.001,-0.026,26.8,0.34,0.31,0.34,0.0174,0.611,-0.013,0.004,0.024,-0.018,-0.004,-0.012,-0.042,-0.007,0.19,0.02
"Torrey Pines South (Genesis Inv.)",72,7599,488,190,1.11,0.12,0.17,-0.26,290.5,14.9,0.5366,-0.026,0.033,-0.006,-0.063,27.8,0.32,0.28,0.3,0.0209,0.6153,0.004,-0.01,0.053,0.008,0.043,-0.016,-0.066,-0.011,0.27,0.04
"Torrey Pines South (U.S. Open)",71,7635,490,194,2.57,0.18,0.2,-0.12,300.8,17.8,0.487,-0.014,-0.02,-0.027,-0.003,28.9,0.3,0.27,0.33,0.0111,0.5615,-0.049,-0.017,0.005,-0.034,-0.021,-0.005,-0.025,-0.019,0.15,0.01
"Trinity Forest Golf Club",71,7120,457,178,-1.8,-0.02,-0.02,-0.49,287.3,18.4,0.816,-0.003,-0.008,0.042,0.059,59.9,0.38,0.21,0.45,0.0427,0.7615,0.027,0.048,-0.012,0.026,-0.023,-0.003,-0.011,0.005,0.14,0.02
"Trump National Doral - Blue Monster Course",72,7507,479,199,1.12,0.17,0.13,-0.23,290.1,18.8,0.5197,0.006,0.007,-0.036,-0.036,36.5,0.36,0.29,0.32,0.0508,0.6202,-0.024,-0.042,0.031,0.004,-0.003,0.005,0.011,0.002,0.82,0.12
"Valhalla Golf Club",71,7397,471,201,0.31,0.06,0.1,-0.33,282.3,14.9,0.6607,0.002,-0.007,0.02,-0.009,39.2,0.37,0.32,0.34,0.0409,0.6197,0.003,0.026,-0.007,-0.022,0.009,-0.002,-0.002,0.013,0.39,0.02
"Vidanta Vallarta",71,7336,495,182,-1.41,0.01,0.02,-0.42,299.1,17.2,0.6586,0.006,0.054,0.019,0.029,41.4,0.32,0.2,0.4,0.0734,0.6785,0.043,0.013,0.037,0.087,0.023,0.001,0.007,0.013,0.57,0.04
"Waialae Country Club",70,7025,449,185,-1.17,0.04,0,-0.65,291.7,21.1,0.5675,0.002,0.034,0.029,0.012,35.2,0.31,0.29,0.25,0.0365,0.695,0.04,0.024,0.031,0.02,0.045,0,0.003,0.006,0.24,0.05
"Whistling Straits",72,7313,467,192,1.03,0.12,0.16,-0.26,283.7,17.5,0.5997,0.009,-0.074,-0.028,0.006,29.6,0.41,0.4,0.55,0.0196,0.6018,-0.075,0.002,-0.018,-0.074,-0.241,0.005,0.034,-0.007,0.26,0.03
"Wilmington Country Club",71,7424,475,194,0.17,0.1,0.03,-0.19,303.3,21.4,0.4477,0.007,0.002,-0.002,0.019,27.8,0.27,0.29,0.32,0,0.6523,-0.015,0.009,-0.009,-0.024,0.05,-0.001,0.03,0.001,0.2,0.03
"Winged Foot GC",70,7392,470,204,4.45,0.29,0.29,-0.11,288.6,23,0.4631,-0.029,-0.072,-0.016,-0.069,31.9,0.3,0.35,0.41,0.0032,0.5063,-0.008,-0.018,-0.049,-0.115,-0.022,-0.015,-0.024,-0.058,0.05,0
