pos,player_name,score,r1_score,r1_sg,r2_score,r2_sg,r3_score,r3_sg,r4_score,r4_sg,total_score,total_sg
1,"Fox, Ryan",-10,72,-0.56,68,2.35,62,8.26,68,2.6,270,12.64
2,"Young, Cameron",-9,67,4.44,67,3.35,73,-2.74,64,6.6,271,11.64
3,"Burns, Sam",-8,73,-1.56,62,8.35,65,5.26,72,-1.4,272,10.64
T4,"Scheffler, Scottie",-7,68,3.44,68,2.35,70,0.26,67,3.6,273,9.64
T4,"Fleetwood, Tommy",-7,69,2.44,67,3.35,69,1.26,68,2.6,273,9.64
T6,"Herbert, Lucas",-6,70,1.44,62,8.35,71,-0.74,71,-0.4,274,8.64
T6,"Kim, Si Woo",-6,68,3.44,67,3.35,67,3.26,72,-1.4,274,8.64
T6,"Jarvis, Casey",-6,73,-1.56,67,3.35,68,2.26,66,4.6,274,8.64
T9,"Scott, Adam",-5,72,-0.56,66,4.35,71,-0.74,66,4.6,275,7.64
T9,"Neergaard-Petersen, Rasmus",-5,72,-0.56,66,4.35,67,3.26,70,0.6,275,7.64
T9,"Henley, Russell",-5,70,1.44,71,-0.65,68,2.26,66,4.6,275,7.64
T9,"Gerard, Ryan",-5,67,4.44,67,3.35,69,1.26,72,-1.4,275,7.64
T9,"Aberg, Ludvig",-5,71,0.44,66,4.35,67,3.26,71,-0.4,275,7.64
T14,"Matsuyama, Hideki",-4,72,-0.56,67,3.35,67,3.26,70,0.6,276,6.64
T14,"Conners, Corey",-4,71,0.44,67,3.35,71,-0.74,67,3.6,276,6.64
T14,"Im, Sungjae",-4,66,5.44,72,-1.65,69,1.26,69,1.6,276,6.64
T14,"DeChambeau, Bryson",-4,67,4.44,68,2.35,69,1.26,72,-1.4,276,6.64
T18,"Morikawa, Collin",-3,68,3.44,70,0.35,70,0.26,69,1.6,277,5.64
T18,"Fowler, Rickie",-3,71,0.44,69,1.35,71,-0.74,66,4.6,277,5.64
T18,"Cauley, Bud",-3,68,3.44,68,2.35,73,-2.74,68,2.6,277,5.64
T18,"Schauffele, Xander",-3,71,0.44,69,1.35,66,4.26,71,-0.4,277,5.64
T18,"Smith, Jordan",-3,68,3.44,70,0.35,70,0.26,69,1.6,277,5.64
T18,"Reitan, Kristoffer",-3,69,2.44,71,-0.65,68,2.26,69,1.6,277,5.64
T18,"Noren, Alex",-3,71,0.44,69,1.35,69,1.26,68,2.6,277,5.64
T18,"Brown, Dan",-3,66,5.44,71,-0.65,69,1.26,71,-0.4,277,5.64
T18,"Gotterup, Chris",-3,70,1.44,68,2.35,72,-1.74,67,3.6,277,5.64
T18,"Penge, Marco",-3,72,-0.56,68,2.35,69,1.26,68,2.6,277,5.64
T28,"Homa, Max",-2,71,0.44,69,1.35,67,3.26,71,-0.4,278,4.64
T28,"Cantlay, Patrick",-2,71,0.44,68,2.35,71,-0.74,68,2.6,278,4.64
T28,"Koepka, Brooks",-2,70,1.44,71,-0.65,69,1.26,68,2.6,278,4.64
T28,"Parry, John",-2,71,0.44,68,2.35,73,-2.74,66,4.6,278,4.64
T28,"Perez, Victor",-2,68,3.44,69,1.35,73,-2.74,68,2.6,278,4.64
T28,"Coody, Pierceson",-2,67,4.44,70,0.35,72,-1.74,69,1.6,278,4.64
T28,"Kobori, Kazuma",-2,70,1.44,69,1.35,67,3.26,72,-1.4,278,4.64
T28,"Bridgeman, Jacob",-2,70,1.44,69,1.35,68,2.26,71,-0.4,278,4.64
T28,"Lowry, Shane",-2,69,2.44,68,2.35,69,1.26,72,-1.4,278,4.64
T28,"MacIntyre, Robert",-2,67,4.44,69,1.35,71,-0.74,71,-0.4,278,4.64
T28,"Suber, Jackson",-2,65,6.44,69,1.35,70,0.26,74,-3.4,278,4.64
T28,"John, Cameron",-2,70,1.44,67,3.35,69,1.26,72,-1.4,278,4.64
T40,"Detry, Thomas",-1,67,4.44,69,1.35,74,-3.74,69,1.6,279,3.64
T40,"Spaun, J.J.",-1,70,1.44,67,3.35,73,-2.74,69,1.6,279,3.64
T40,"Thorbjornsen, Michael",-1,70,1.44,68,2.35,71,-0.74,70,0.6,279,3.64
T40,"Wallace, Matt",-1,69,2.44,67,3.35,72,-1.74,71,-0.4,279,3.64
T40,"McIlroy, Rory",-1,72,-0.56,67,3.35,69,1.26,71,-0.4,279,3.64
T40,"Kitayama, Kurt",-1,69,2.44,71,-0.65,70,0.26,69,1.6,279,3.64
T46,"Reed, Patrick",0,72,-0.56,66,4.35,71,-0.74,71,-0.4,280,2.64
T46,"Ballester, Jose Luis",0,71,0.44,70,0.35,66,4.26,73,-2.4,280,2.64
T46,"Chacarra, Eugenio",0,70,1.44,70,0.35,71,-0.74,69,1.6,280,2.64
T46,"Molinari, Francesco",0,67,4.44,69,1.35,72,-1.74,72,-1.4,280,2.64
T46,"Southgate, Matthew",0,69,2.44,69,1.35,76,-5.74,66,4.6,280,2.64
T46,"Rahm, Jon",0,69,2.44,67,3.35,70,0.26,74,-3.4,280,2.64
T46,"Du Plessis, Hennie",0,70,1.44,69,1.35,69,1.26,72,-1.4,280,2.64
T53,"Smalley, Alex",1,67,4.44,73,-2.65,67,3.26,74,-3.4,281,1.64
T53,"Hisatsune, Ryo",1,68,3.44,73,-2.65,71,-0.74,69,1.6,281,1.64
T53,"Cole, Eric",1,76,-4.56,64,6.35,66,4.26,75,-4.4,281,1.64
T53,"Norris, Shaun",1,69,2.44,70,0.35,70,0.26,72,-1.4,281,1.64
T53,"Brennan, Michael",1,72,-0.56,68,2.35,70,0.26,71,-0.4,281,1.64
T53,"Theegala, Sahith",1,71,0.44,69,1.35,68,2.26,73,-2.4,281,1.64
T59,"Griffin, Ben",2,69,2.44,70,0.35,74,-3.74,69,1.6,282,0.64
T59,"Potgieter, Aldrich",2,69,2.44,72,-1.65,71,-0.74,70,0.6,282,0.64
T59,"Kataoka, Naoyuki",2,73,-1.56,68,2.35,70,0.26,71,-0.4,282,0.64
T59,"Keefer, Johnny",2,70,1.44,68,2.35,71,-0.74,73,-2.4,282,0.64
T59,"Taylor, Nick",2,68,3.44,71,-0.65,72,-1.74,71,-0.4,282,0.64
T59,"Lee, Min Woo",2,70,1.44,71,-0.65,71,-0.74,70,0.6,282,0.64
T65,"Uihlein, Peter",3,73,-1.56,68,2.35,72,-1.74,70,0.6,283,-0.36
T65,"Thomas, Justin",3,70,1.44,69,1.35,68,2.26,76,-5.4,283,-0.36
T67,"Straka, Sepp",4,68,3.44,70,0.35,74,-3.74,72,-1.4,284,-1.36
T67,"Echavarria, Nico",4,71,0.44,67,3.35,69,1.26,77,-6.4,284,-1.36
T69,"Hatton, Tyrrell",5,69,2.44,68,2.35,74,-3.74,74,-3.4,285,-2.36
T69,"Sullivan, Andy",5,70,1.44,69,1.35,73,-2.74,73,-2.4,285,-2.36
T71,"Canter, Laurie",6,69,2.44,71,-0.65,74,-3.74,72,-1.4,286,-3.36
T71,"Daffue, MJ",6,67,4.44,72,-1.65,72,-1.74,75,-4.4,286,-3.36
T71,"Fitzpatrick, Alex",6,69,2.44,67,3.35,73,-2.74,77,-6.4,286,-3.36
T74,"Bradley, Keegan",7,69,2.44,72,-1.65,74,-3.74,72,-1.4,287,-4.36
T74,"Plunkett, Marcus",7,70,1.44,71,-0.65,71,-0.74,75,-4.4,287,-4.36
T74,"Higa, Kazuki",7,73,-1.56,68,2.35,72,-1.74,74,-3.4,287,-4.36
77,"McDonald, Jack",8,70,1.44,71,-0.65,73,-2.74,74,-3.4,288,-5.36
78,"Svensson, Jesper",9,73,-1.56,66,4.35,77,-6.74,73,-2.4,289,-6.36
CUT,"Novak, Andrew",2,73,-1.56,69,1.35,null,null,null,null,142,-0.22
CUT,"Stevens, Sam",2,71,0.44,71,-0.65,null,null,null,null,142,-0.22
CUT,"Rozner, Antoine",2,69,2.44,73,-2.65,null,null,null,null,142,-0.22
CUT,"English, Harris",2,73,-1.56,69,1.35,null,null,null,null,142,-0.22
CUT,"Wiesberger, Bernd",2,71,0.44,71,-0.65,null,null,null,null,142,-0.22
CUT,"Poston, J.T.",2,71,0.44,71,-0.65,null,null,null,null,142,-0.22
CUT,"Hojgaard, Nicolai",2,72,-0.56,70,0.35,null,null,null,null,142,-0.22
CUT,"Schaper, Jayden",2,70,1.44,72,-1.65,null,null,null,null,142,-0.22
CUT,"Hillier, Daniel",2,72,-0.56,70,0.35,null,null,null,null,142,-0.22
CUT,"Stenson, Henrik",2,68,3.44,74,-3.65,null,null,null,null,142,-0.22
CUT,"McKibbin, Tom",2,71,0.44,71,-0.65,null,null,null,null,142,-0.22
CUT,"Rai, Aaron",2,71,0.44,71,-0.65,null,null,null,null,142,-0.22
CUT,"Smith, Cameron",2,73,-1.56,69,1.35,null,null,null,null,142,-0.22
CUT,"Knapp, Jake",2,71,0.44,71,-0.65,null,null,null,null,142,-0.22
CUT,"McCarty, Matt",2,75,-3.56,67,3.35,null,null,null,null,142,-0.22
CUT,"Lagergren, Joakim",2,68,3.44,74,-3.65,null,null,null,null,142,-0.22
CUT,"Horschel, Billy",2,71,0.44,71,-0.65,null,null,null,null,142,-0.22
CUT,"Howell, Mason",2,73,-1.56,69,1.35,null,null,null,null,142,-0.22
CUT,"Valimaki, Sami",2,70,1.44,72,-1.65,null,null,null,null,142,-0.22
CUT,"Nagano, Ryutaro",3,71,0.44,72,-1.65,null,null,null,null,143,-1.22
CUT,"Howard, David",3,74,-2.56,69,1.35,null,null,null,null,143,-1.22
CUT,"Kim, Tom",3,70,1.44,73,-2.65,null,null,null,null,143,-1.22
CUT,"Ayora, Angel",3,72,-0.56,71,-0.65,null,null,null,null,143,-1.22
CUT,"Smyth, Trav",3,71,0.44,72,-1.65,null,null,null,null,143,-1.22
CUT,"Clark, Wyndham",3,73,-1.56,70,0.35,null,null,null,null,143,-1.22
CUT,"Nakajima, Keita",3,73,-1.56,70,0.35,null,null,null,null,143,-1.22
CUT,"McNealy, Maverick",3,71,0.44,72,-1.65,null,null,null,null,143,-1.22
CUT,"Rose, Justin",3,75,-3.56,68,2.35,null,null,null,null,143,-1.22
CUT,"Mitchell, Keith",3,72,-0.56,71,-0.65,null,null,null,null,143,-1.22
CUT,"Hovland, Viktor",4,70,1.44,74,-3.65,null,null,null,null,144,-2.22
CUT,"Ruiter, Nevill",4,76,-4.56,68,2.35,null,null,null,null,144,-2.22
CUT,"Dean, Joe",4,72,-0.56,72,-1.65,null,null,null,null,144,-2.22
CUT,"Pulcini, Mateo",4,75,-3.56,69,1.35,null,null,null,null,144,-2.22
CUT,"Bhatia, Akshay",4,71,0.44,73,-2.65,null,null,null,null,144,-2.22
CUT,"Hall, Harry",4,77,-5.56,67,3.35,null,null,null,null,144,-2.22
CUT,"Niemann, Joaquin",4,76,-4.56,68,2.35,null,null,null,null,144,-2.22
CUT,"Skogen, Baard",4,73,-1.56,71,-0.65,null,null,null,null,144,-2.22
CUT,"Day, Jason",4,73,-1.56,71,-0.65,null,null,null,null,144,-2.22
CUT,"LaCroix, Frederic",4,72,-0.56,72,-1.65,null,null,null,null,144,-2.22
CUT,"Sloman, Tom",4,71,0.44,73,-2.65,null,null,null,null,144,-2.22
CUT,"Hollick, Michael",4,72,-0.56,72,-1.65,null,null,null,null,144,-2.22
CUT,"Fitzpatrick, Matt",4,72,-0.56,72,-1.65,null,null,null,null,144,-2.22
CUT,"Greyserman, Max",5,76,-4.56,69,1.35,null,null,null,null,145,-3.22
CUT,"Buchanan, Jack",5,73,-1.56,72,-1.65,null,null,null,null,145,-3.22
CUT,"Docherty, Alistair",5,73,-1.56,72,-1.65,null,null,null,null,145,-3.22
CUT,"Kim, Michael",5,73,-1.56,72,-1.65,null,null,null,null,145,-3.22
CUT,"Li, Haotong",5,72,-0.56,73,-2.65,null,null,null,null,145,-3.22
CUT,"De Castro Piera, Alejandro",6,73,-1.56,73,-2.65,null,null,null,null,146,-4.22
CUT,"Berger, Daniel",6,76,-4.56,70,0.35,null,null,null,null,146,-4.22
CUT,"Wiedemeyer, Tim",6,73,-1.56,73,-2.65,null,null,null,null,146,-4.22
CUT,"Hojgaard, Rasmus",6,71,0.44,75,-4.65,null,null,null,null,146,-4.22
CUT,"Grehan, Stuart",6,77,-5.56,69,1.35,null,null,null,null,146,-4.22
CUT,"Saddier, Adrien",6,77,-5.56,69,1.35,null,null,null,null,146,-4.22
CUT,"Surratt, Caleb",7,72,-0.56,75,-4.65,null,null,null,null,147,-5.22
CUT,"Bairstow, Sam",7,72,-0.56,75,-4.65,null,null,null,null,147,-5.22
CUT,"Grinberg, Lev",7,71,0.44,76,-5.65,null,null,null,null,147,-5.22
CUT,"Clarke, Darren",7,73,-1.56,74,-3.65,null,null,null,null,147,-5.22
CUT,"Couvra, Martin",7,74,-2.56,73,-2.65,null,null,null,null,147,-5.22
CUT,"Baldwin, Matthew",7,72,-0.56,75,-4.65,null,null,null,null,147,-5.22
CUT,"Yang, Jiho",7,77,-5.56,70,0.35,null,null,null,null,147,-5.22
CUT,"Cink, Stewart",8,74,-2.56,74,-3.65,null,null,null,null,148,-6.22
CUT,"Vincent, Scott",8,75,-3.56,73,-2.65,null,null,null,null,148,-6.22
CUT,"Laporta, Francesco",9,74,-2.56,75,-4.65,null,null,null,null,149,-7.22
CUT,"Jordan, Matthew",9,77,-5.56,72,-1.65,null,null,null,null,149,-7.22
CUT,"Harman, Brian",9,74,-2.56,75,-4.65,null,null,null,null,149,-7.22
CUT,"Woodland, Gary",9,78,-6.56,71,-0.65,null,null,null,null,149,-7.22
CUT,"Harrington, Padraig",9,80,-8.56,69,1.35,null,null,null,null,149,-7.22
CUT,"Ham, Jeong Woo",9,77,-5.56,72,-1.65,null,null,null,null,149,-7.22
CUT,"Kaneko, Kota",9,72,-0.56,77,-6.65,null,null,null,null,149,-7.22
CUT,"Bradbury, Dan",9,74,-2.56,75,-4.65,null,null,null,null,149,-7.22
CUT,"Duval, David",10,73,-1.56,77,-6.65,null,null,null,null,150,-8.22
CUT,"Christensen, Tiger",10,75,-3.56,75,-4.65,null,null,null,null,150,-8.22
CUT,"Spieth, Jordan",10,73,-1.56,77,-6.65,null,null,null,null,150,-8.22
CUT,"Puig, David",11,74,-2.56,77,-6.65,null,null,null,null,151,-9.22
CUT,"Truslow, Austen",13,79,-7.56,74,-3.65,null,null,null,null,153,-11.22
CUT,"Yonezawa, Ren",15,76,-4.56,79,-8.65,null,null,null,null,155,-13.22
CUT,"Laopakdee, Fifa",15,75,-3.56,80,-9.65,null,null,null,null,155,-13.22
WD,"Nicholas, James",5,75,-3.56,null,null,null,null,null,null,75,-3.56
