time_period,stat,player_name,50_100_fw_shot_count,50_100_fw_value,100_150_fw_shot_count,100_150_fw_value,150_200_fw_shot_count,150_200_fw_value,over_200_fw_shot_count,over_200_fw_value,under_150_rgh_shot_count,under_150_rgh_value,over_150_rgh_shot_count,over_150_rgh_value
l12_months,good shot (over +0.5 sg) rate,"Rosenmueller, Thomas",45,0.089,118,0.127,136,0.059,80,0.025,56,0.036,34,0.088
l12_months,good shot (over +0.5 sg) rate,"Molinari, Francesco",null,null,56,0.125,92,0.098,40,0.05,12,0,null,null
l12_months,good shot (over +0.5 sg) rate,"Merritt, Troy",35,0.057,104,0.125,144,0.042,74,0.081,63,0.079,43,0.047
l12_months,good shot (over +0.5 sg) rate,"Capan III, Frankie",20,0.1,66,0.121,90,0.033,32,0.031,55,0.036,50,0.06
l12_months,good shot (over +0.5 sg) rate,"Burns, Sam",127,0.102,329,0.119,412,0.051,217,0.069,133,0.083,140,0.05
l12_months,good shot (over +0.5 sg) rate,"Henley, Russell",86,0.128,291,0.117,452,0.066,214,0.051,88,0.08,93,0.032
l12_months,good shot (over +0.5 sg) rate,"Crowe, Trace",33,0.03,108,0.111,111,0.036,63,0.032,49,0.061,36,0.028
l12_months,good shot (over +0.5 sg) rate,"Piercy, Scott",14,0,45,0.111,55,0.036,29,0.103,20,0.2,null,null
l12_months,good shot (over +0.5 sg) rate,"Fitzpatrick, Alex",44,0.091,111,0.108,190,0.047,101,0.03,50,0.06,50,0.06
l12_months,good shot (over +0.5 sg) rate,"Meronk, Adrian",55,0.036,177,0.107,233,0.039,120,0.05,113,0.053,97,0.031
l12_months,good shot (over +0.5 sg) rate,"Rai, Aaron",59,0.102,262,0.107,389,0.069,197,0.056,58,0.069,73,0.014
l12_months,good shot (over +0.5 sg) rate,"Bridgeman, Jacob",99,0.121,365,0.107,509,0.061,274,0.077,136,0.051,170,0.053
l12_months,good shot (over +0.5 sg) rate,"Lahiri, Anirban",49,0.041,207,0.106,210,0.048,126,0.032,102,0.098,52,0.058
l12_months,good shot (over +0.5 sg) rate,"Potgieter, Aldrich",72,0.083,179,0.106,277,0.076,154,0.097,143,0.035,125,0.056
l12_months,good shot (over +0.5 sg) rate,"Kohles, Ben",42,0.143,198,0.106,264,0.057,130,0.046,44,0.091,45,0.067
l12_months,good shot (over +0.5 sg) rate,"Duncan, Tyler",18,0.222,86,0.105,86,0.128,59,0.017,18,0.111,21,0.048
l12_months,good shot (over +0.5 sg) rate,"Johnson, Zach",33,0.03,87,0.103,117,0.034,55,0.036,11,0,23,0.043
l12_months,good shot (over +0.5 sg) rate,"Highsmith, Joe",60,0.117,303,0.102,369,0.065,165,0.061,133,0.045,141,0.035
l12_months,good shot (over +0.5 sg) rate,"Streb, Robert",18,0.111,49,0.102,64,0.031,44,0.023,21,0.048,26,0.038
l12_months,good shot (over +0.5 sg) rate,"La Sasso, Michael",53,0.094,147,0.102,188,0.059,99,0.04,103,0.039,81,0.025
l12_months,good shot (over +0.5 sg) rate,"Aberg, Ludvig",77,0.169,287,0.101,392,0.061,192,0.052,127,0.087,114,0.061
l12_months,good shot (over +0.5 sg) rate,"Hovland, Viktor",75,0.16,229,0.1,393,0.069,224,0.054,87,0.092,121,0.083
l12_months,good shot (over +0.5 sg) rate,"Hojgaard, Nicolai",84,0.119,240,0.1,331,0.06,173,0.058,143,0.021,149,0.081
l12_months,good shot (over +0.5 sg) rate,"Suber, Jackson",73,0.068,240,0.1,334,0.051,156,0.083,121,0.041,98,0.031
l12_months,good shot (over +0.5 sg) rate,"Hadley, Chesson",16,0.125,40,0.1,55,0.073,null,null,13,0,null,null
l12_months,good shot (over +0.5 sg) rate,"Blanchet, Chandler",71,0.07,201,0.1,306,0.049,149,0.06,80,0.037,76,0.039
l12_months,good shot (over +0.5 sg) rate,"Morikawa, Collin",71,0.127,262,0.099,397,0.068,193,0.067,90,0.078,93,0.022
l12_months,good shot (over +0.5 sg) rate,"Ryder, Sam",65,0.077,192,0.099,288,0.056,115,0.061,86,0.105,86,0.047
l12_months,good shot (over +0.5 sg) rate,"Kirk, Chris",73,0.137,235,0.098,329,0.052,158,0.076,116,0.112,107,0.065
l12_months,good shot (over +0.5 sg) rate,"Norlander, Henrik",15,0,82,0.098,131,0.053,52,0.077,39,0.103,44,0.023
l12_months,good shot (over +0.5 sg) rate,"Stout, Preston",17,0.059,62,0.097,72,0.042,44,0.091,26,0,22,0.045
l12_months,good shot (over +0.5 sg) rate,"Noh, S.Y.",18,0,42,0.095,73,0.014,39,0.128,12,0,19,0.053
l12_months,good shot (over +0.5 sg) rate,"Kim, Si Woo",103,0.097,305,0.095,498,0.074,285,0.095,120,0.058,133,0.068
l12_months,good shot (over +0.5 sg) rate,"Yellamaraju, Sudarshan",50,0.1,264,0.095,347,0.035,153,0.059,112,0.054,111,0.054
l12_months,good shot (over +0.5 sg) rate,"Noren, Alex",72,0.111,233,0.094,410,0.039,210,0.048,99,0.121,128,0.07
l12_months,good shot (over +0.5 sg) rate,"Buckley, Hayden",15,0.2,53,0.094,78,0.038,null,null,26,0.077,null,null
l12_months,good shot (over +0.5 sg) rate,"Lowry, Shane",85,0.118,276,0.094,365,0.066,190,0.079,101,0.099,131,0.061
l12_months,good shot (over +0.5 sg) rate,"Kim, Minkyu",50,0.08,160,0.094,194,0.041,104,0.01,87,0.069,72,0.028
l12_months,good shot (over +0.5 sg) rate,"Rahm, Jon",79,0.101,247,0.093,299,0.057,173,0.104,151,0.04,96,0.073
l12_months,good shot (over +0.5 sg) rate,"Bryant, Davis",null,null,43,0.093,null,null,null,null,null,null,null,null
l12_months,good shot (over +0.5 sg) rate,"Gomez, Fabian",11,0.091,86,0.093,113,0.097,80,0.013,25,0.04,22,0.091
l12_months,good shot (over +0.5 sg) rate,"Young, Carson",27,0.111,162,0.093,179,0.061,89,0.056,49,0.122,45,0.022
l12_months,good shot (over +0.5 sg) rate,"Ormsby, Wade",14,0,65,0.092,70,0.014,28,0,19,0.053,null,null
l12_months,good shot (over +0.5 sg) rate,"Hardy, Nick",37,0.081,109,0.092,157,0.051,78,0.013,71,0.07,47,0.043
l12_months,good shot (over +0.5 sg) rate,"Simpson, Webb",36,0.139,120,0.092,156,0.051,66,0.045,65,0.046,65,0.015
l12_months,good shot (over +0.5 sg) rate,"Kaymer, Martin",54,0.148,175,0.091,217,0.046,116,0.052,93,0.118,100,0.08
l12_months,good shot (over +0.5 sg) rate,"McKibbin, Tom",57,0.053,233,0.09,302,0.05,152,0.026,109,0.055,65,0.046
l12_months,good shot (over +0.5 sg) rate,"Grillo, Emiliano",64,0.031,300,0.09,431,0.053,202,0.079,108,0.046,101,0.04
l12_months,good shot (over +0.5 sg) rate,"Rose, Justin",70,0.157,225,0.089,348,0.057,200,0.06,85,0.106,121,0.058
l12_months,good shot (over +0.5 sg) rate,"Jaeger, Stephan",83,0.096,259,0.089,342,0.058,181,0.033,160,0.119,147,0.048
l12_months,good shot (over +0.5 sg) rate,"Smith, Jordan",65,0.092,214,0.089,343,0.064,148,0.068,72,0.069,121,0.066
l12_months,good shot (over +0.5 sg) rate,"Casey, Paul",43,0.093,158,0.089,186,0.07,105,0.048,71,0.014,62,0.032
l12_months,good shot (over +0.5 sg) rate,"Garnett, Brice",73,0.027,237,0.089,303,0.053,127,0.047,69,0.13,102,0.049
l12_months,good shot (over +0.5 sg) rate,"Smylie, Elvis",40,0.125,158,0.089,208,0.029,100,0.05,69,0.058,67,0.015
l12_months,good shot (over +0.5 sg) rate,"Thomas, Justin",78,0.051,261,0.088,376,0.051,186,0.054,138,0.058,121,0.074
l12_months,good shot (over +0.5 sg) rate,"Clanton, Luke",46,0.043,227,0.088,303,0.05,140,0.043,95,0.021,109,0.037
l12_months,good shot (over +0.5 sg) rate,"Reed, Patrick",34,0.088,91,0.088,117,0.077,59,0.085,39,0.077,51,0.039
l12_months,good shot (over +0.5 sg) rate,"Perez, Victor",61,0.082,228,0.088,329,0.064,168,0.071,117,0.085,96,0.031
l12_months,good shot (over +0.5 sg) rate,"Dunlap, Nick",57,0.053,171,0.088,245,0.057,121,0.05,99,0.081,100,0.04
l12_months,good shot (over +0.5 sg) rate,"Reitan, Kristoffer",64,0.047,251,0.088,309,0.055,168,0.048,112,0.107,109,0.037
l12_months,good shot (over +0.5 sg) rate,"Van Rooyen, Erik",64,0.047,194,0.088,297,0.044,126,0.04,110,0.036,115,0.07
l12_months,good shot (over +0.5 sg) rate,"Horschel, Billy",81,0.074,263,0.087,399,0.055,177,0.056,124,0.113,140,0.036
l12_months,good shot (over +0.5 sg) rate,"Sigg, Greyson",13,0.077,92,0.087,92,0.076,29,0.034,26,0.115,27,0
l12_months,good shot (over +0.5 sg) rate,"Hoffman, Charley",30,0.1,92,0.087,146,0.048,74,0.041,48,0.083,52,0.019
l12_months,good shot (over +0.5 sg) rate,"Koivun, Jackson",20,0.05,104,0.087,122,0.098,60,0.067,33,0.061,30,0.067
l12_months,good shot (over +0.5 sg) rate,"Goodwin, Noah",20,0.15,104,0.087,97,0.052,43,0.047,20,0.05,34,0
l12_months,good shot (over +0.5 sg) rate,"McIlroy, Rory",53,0.038,197,0.086,232,0.047,135,0.067,125,0.056,93,0.086
l12_months,good shot (over +0.5 sg) rate,"Fowler, Rickie",75,0.053,292,0.086,404,0.057,198,0.056,116,0.078,142,0.07
l12_months,good shot (over +0.5 sg) rate,"Shipley, Neal",56,0.107,164,0.085,254,0.059,109,0.092,75,0.053,50,0.08
l12_months,good shot (over +0.5 sg) rate,"Redman, Doc",13,0.308,47,0.085,63,0.063,null,null,19,0.053,null,null
l12_months,good shot (over +0.5 sg) rate,"Matsuyama, Hideki",91,0.121,329,0.085,497,0.064,262,0.073,152,0.092,192,0.042
l12_months,good shot (over +0.5 sg) rate,"Wise, Aaron",19,0.053,106,0.085,125,0.056,83,0,48,0.042,46,0.043
l12_months,good shot (over +0.5 sg) rate,"Gooch, Talor",42,0.095,189,0.085,250,0.064,128,0.07,74,0.081,83,0.072
l12_months,good shot (over +0.5 sg) rate,"McDowell, Graeme",52,0.038,213,0.085,234,0.06,127,0.039,102,0.078,82,0.037
l12_months,good shot (over +0.5 sg) rate,"Moore, Taylor",76,0.079,213,0.085,286,0.028,139,0.036,137,0.044,117,0.017
l12_months,good shot (over +0.5 sg) rate,"Thornberry, Braden",20,0.1,60,0.083,73,0.027,29,0.034,40,0.025,26,0.038
l12_months,good shot (over +0.5 sg) rate,"Hatton, Tyrrell",71,0.099,240,0.083,267,0.082,166,0.084,124,0.097,115,0.035
l12_months,good shot (over +0.5 sg) rate,"Collet, Tyler",17,0,48,0.083,null,null,32,0.094,12,0,25,0.04
l12_months,good shot (over +0.5 sg) rate,"Schmid, Matti",74,0.081,228,0.083,342,0.05,150,0.087,145,0.048,131,0.015
l12_months,good shot (over +0.5 sg) rate,"Valimaki, Sami",30,0.067,180,0.083,287,0.042,114,0.026,72,0.139,99,0.051
l12_months,good shot (over +0.5 sg) rate,"Canter, Laurie",61,0.098,218,0.083,250,0.048,140,0.107,89,0.079,79,0.025
l12_months,good shot (over +0.5 sg) rate,"Rodgers, Patrick",96,0.052,315,0.083,445,0.054,222,0.068,173,0.098,200,0.07
l12_months,good shot (over +0.5 sg) rate,"Kim, Michael",109,0.092,318,0.082,442,0.057,238,0.034,163,0.098,164,0.073
l12_months,good shot (over +0.5 sg) rate,"Silverman, Ben",45,0.022,196,0.082,203,0.034,107,0.028,53,0.132,68,0.029
l12_months,good shot (over +0.5 sg) rate,"Meissner, Mac",86,0.07,322,0.081,428,0.047,191,0.073,123,0.041,155,0.045
l12_months,good shot (over +0.5 sg) rate,"Cone, Trevor",24,0,62,0.081,74,0.041,39,0.026,31,0.065,25,0.16
l12_months,good shot (over +0.5 sg) rate,"Davis, Cam",39,0.077,137,0.08,241,0.058,96,0.052,73,0.068,105,0.019
l12_months,good shot (over +0.5 sg) rate,"Knapp, Jake",49,0.143,200,0.08,282,0.067,136,0.118,115,0.113,108,0.046
l12_months,good shot (over +0.5 sg) rate,"Wolff, Matthew",55,0.091,163,0.08,211,0.047,108,0.056,108,0.056,94,0.064
l12_months,good shot (over +0.5 sg) rate,"Asaji, Yosuke",36,0.083,163,0.08,200,0.035,94,0.085,99,0.051,65,0.062
l12_months,good shot (over +0.5 sg) rate,"Svensson, Jesper",79,0.139,176,0.08,229,0.052,123,0.049,97,0.093,80,0.037
l12_months,good shot (over +0.5 sg) rate,"Smalley, Alex",88,0.159,315,0.079,422,0.059,186,0.065,126,0.095,139,0.072
l12_months,good shot (over +0.5 sg) rate,"Herbert, Lucas",58,0.138,190,0.079,222,0.05,137,0.102,144,0.083,83,0.072
l12_months,good shot (over +0.5 sg) rate,"Jarvis, Casey",26,0.115,76,0.079,129,0.054,61,0.066,32,0.031,43,0.07
l12_months,good shot (over +0.5 sg) rate,"Leishman, Marc",54,0.056,179,0.078,233,0.03,124,0.016,75,0.013,71,0.127
l12_months,good shot (over +0.5 sg) rate,"Ewart, A.J.",80,0.037,205,0.078,316,0.06,156,0.058,122,0.041,103,0.087
l12_months,good shot (over +0.5 sg) rate,"Kitayama, Kurt",104,0.048,347,0.078,479,0.056,222,0.059,132,0.03,178,0.056
l12_months,good shot (over +0.5 sg) rate,"Fox, Ryan",70,0.086,283,0.078,341,0.047,183,0.082,128,0.109,154,0.052
l12_months,good shot (over +0.5 sg) rate,"Young, Cameron",92,0.087,361,0.078,409,0.066,241,0.054,147,0.082,129,0.031
l12_months,good shot (over +0.5 sg) rate,"Pieters, Thomas",70,0.057,181,0.077,200,0.085,114,0.061,97,0.072,70,0.114
l12_months,good shot (over +0.5 sg) rate,"Dumont De Chassart, Adrien",64,0.047,181,0.077,263,0.065,120,0.092,112,0.071,118,0.059
l12_months,good shot (over +0.5 sg) rate,"Skinns, David",43,0.047,195,0.077,231,0.065,102,0.01,68,0.074,64,0.063
l12_months,good shot (over +0.5 sg) rate,"Reavie, Chez",12,0.083,39,0.077,51,0.118,null,null,15,0.067,null,null
l12_months,good shot (over +0.5 sg) rate,"Griffin, Lanto",52,0.077,182,0.077,263,0.038,128,0.031,86,0.093,86,0.023
l12_months,good shot (over +0.5 sg) rate,"Clark, Wyndham",82,0.122,261,0.077,346,0.072,175,0.086,136,0.14,146,0.068
l12_months,good shot (over +0.5 sg) rate,"Kizzire, Patton",61,0.033,197,0.076,270,0.033,123,0.049,105,0.038,113,0.044
l12_months,good shot (over +0.5 sg) rate,"Theegala, Sahith",97,0.103,342,0.076,453,0.064,209,0.072,170,0.047,198,0.04
l12_months,good shot (over +0.5 sg) rate,"Mullinax, Trey",26,0.115,79,0.076,106,0.085,50,0.02,55,0.091,33,0.03
l12_months,good shot (over +0.5 sg) rate,"Dou, Zecheng",56,0.071,173,0.075,251,0.036,119,0.067,115,0.043,106,0.028
l12_months,good shot (over +0.5 sg) rate,"Lee, Min Woo",62,0.081,253,0.075,360,0.061,175,0.063,117,0.051,121,0.025
l12_months,good shot (over +0.5 sg) rate,"Bhatia, Akshay",86,0.081,267,0.075,405,0.057,214,0.065,148,0.101,154,0.071
l12_months,good shot (over +0.5 sg) rate,"Scott, Adam",66,0.106,227,0.075,334,0.075,172,0.052,87,0.103,132,0.068
l12_months,good shot (over +0.5 sg) rate,"Glover, Lucas",94,0.181,282,0.074,389,0.054,194,0.067,85,0.082,112,0.071
l12_months,good shot (over +0.5 sg) rate,"Bland, Richard",64,0.078,202,0.074,218,0.037,111,0.09,77,0.065,87,0.023
l12_months,good shot (over +0.5 sg) rate,"Kim, Anthony",51,0.039,189,0.074,223,0.076,119,0.05,110,0.109,77,0.052
l12_months,good shot (over +0.5 sg) rate,"Hubbard, Mark",66,0.015,270,0.074,400,0.065,165,0.055,128,0.07,115,0.017
l12_months,good shot (over +0.5 sg) rate,"Gotterup, Chris",134,0.097,338,0.074,405,0.064,240,0.042,180,0.094,196,0.066
l12_months,good shot (over +0.5 sg) rate,"Hoge, Tom",124,0.113,325,0.074,477,0.061,232,0.078,160,0.05,177,0.045
l12_months,good shot (over +0.5 sg) rate,"Kim, S.H.",29,0,95,0.074,162,0.037,55,0.018,40,0.05,64,0.031
l12_months,good shot (over +0.5 sg) rate,"Conners, Corey",75,0.08,353,0.074,508,0.073,257,0.058,120,0.083,142,0.021
l12_months,good shot (over +0.5 sg) rate,"Phillips, Chandler",79,0.139,258,0.074,342,0.053,159,0.05,129,0.062,112,0.036
l12_months,good shot (over +0.5 sg) rate,"Garcia, Sergio",69,0.058,204,0.074,237,0.072,143,0.028,97,0.155,67,0.09
l12_months,good shot (over +0.5 sg) rate,"Bezuidenhout, Christiaan",80,0.15,286,0.073,404,0.052,197,0.03,113,0.053,125,0.056
l12_months,good shot (over +0.5 sg) rate,"Spieth, Jordan",107,0.093,273,0.073,441,0.054,214,0.07,170,0.082,144,0.056
l12_months,good shot (over +0.5 sg) rate,"Stenson, Henrik",14,0,41,0.073,null,null,29,0.069,null,null,null,null
l12_months,good shot (over +0.5 sg) rate,"NeSmith, Matt",null,null,41,0.073,50,0,null,null,20,0.05,null,null
l12_months,good shot (over +0.5 sg) rate,"DeChambeau, Bryson",73,0.11,205,0.073,236,0.072,149,0.094,112,0.027,85,0.094
l12_months,good shot (over +0.5 sg) rate,"Harman, Brian",109,0.128,315,0.073,498,0.054,272,0.055,154,0.071,138,0.029
l12_months,good shot (over +0.5 sg) rate,"Berger, Daniel",80,0.063,233,0.073,391,0.064,207,0.048,96,0.063,135,0.067
l12_months,good shot (over +0.5 sg) rate,"Tringale, Cameron",63,0.127,179,0.073,220,0.045,125,0.064,83,0.06,88,0.057
l12_months,good shot (over +0.5 sg) rate,"Taylor, Nick",96,0.094,331,0.073,476,0.067,247,0.049,140,0.086,159,0.063
l12_months,good shot (over +0.5 sg) rate,"Pak, John",16,0,69,0.072,62,0.065,31,0.032,23,0.174,null,null
l12_months,good shot (over +0.5 sg) rate,"Kim, Tom",79,0.101,276,0.072,461,0.059,186,0.043,124,0.065,136,0.044
l12_months,good shot (over +0.5 sg) rate,"McGreevy, Max",69,0.101,318,0.072,456,0.05,207,0.048,109,0.018,127,0.047
l12_months,good shot (over +0.5 sg) rate,"Higgo, Garrick",86,0.047,263,0.072,308,0.042,148,0.074,123,0.057,108,0.028
l12_months,good shot (over +0.5 sg) rate,"Munoz, Sebastian",68,0.132,208,0.072,223,0.072,131,0.061,76,0.039,58,0.052
l12_months,good shot (over +0.5 sg) rate,"Dahmen, Joel",83,0.096,250,0.072,375,0.069,178,0.039,100,0.06,71,0.085
l12_months,good shot (over +0.5 sg) rate,"Riley, Davis",77,0.104,238,0.071,303,0.05,133,0.075,137,0.073,156,0.058
l12_months,good shot (over +0.5 sg) rate,"Chatfield, Davis",55,0.109,168,0.071,245,0.049,129,0.031,48,0.042,59,0.051
l12_months,good shot (over +0.5 sg) rate,"Albertson, Anders",null,null,42,0.071,57,0.035,null,null,29,0,null,null
l12_months,good shot (over +0.5 sg) rate,"Pavon, Matthieu",46,0.022,224,0.071,291,0.062,136,0.066,98,0.071,112,0.018
l12_months,good shot (over +0.5 sg) rate,"Ancer, Abraham",47,0.106,239,0.071,217,0.06,120,0.025,63,0.079,66,0.091
l12_months,good shot (over +0.5 sg) rate,"Vilips, Karl",72,0.069,225,0.071,320,0.069,124,0.089,144,0.09,141,0.05
l12_months,good shot (over +0.5 sg) rate,"Scheffler, Scottie",112,0.089,324,0.071,454,0.048,235,0.055,118,0.051,135,0.081
l12_months,good shot (over +0.5 sg) rate,"Li, Haotong",81,0.049,199,0.07,251,0.076,133,0.038,100,0.07,98,0.051
l12_months,good shot (over +0.5 sg) rate,"Mouw, William",54,0.074,242,0.07,352,0.054,170,0.076,109,0.064,111,0.045
l12_months,good shot (over +0.5 sg) rate,"Brown, Blades",29,0.069,114,0.07,133,0.06,67,0.045,32,0.031,42,0.048
l12_months,good shot (over +0.5 sg) rate,"Dufner, Jason",17,0.176,57,0.07,60,0.067,null,null,24,0.083,20,0.05
l12_months,good shot (over +0.5 sg) rate,"Keefer, Johnny",101,0.129,287,0.07,374,0.056,163,0.037,150,0.047,119,0.084
l12_months,good shot (over +0.5 sg) rate,"Byrd, Jonathan",32,0.094,101,0.069,111,0.018,72,0.069,27,0.111,37,0
l12_months,good shot (over +0.5 sg) rate,"Waring, Paul",23,0.087,58,0.069,85,0,39,0.026,28,0.071,37,0.054
l12_months,good shot (over +0.5 sg) rate,"Neergaard-Petersen, Rasmus",57,0.07,160,0.069,298,0.054,132,0.091,81,0.074,82,0.037
l12_months,good shot (over +0.5 sg) rate,"Brennan, Michael",97,0.134,263,0.068,379,0.05,178,0.107,146,0.082,100,0.07
l12_months,good shot (over +0.5 sg) rate,"An, Byeong Hun",80,0.05,190,0.068,217,0.023,120,0.067,159,0.094,91,0.055
l12_months,good shot (over +0.5 sg) rate,"Gerard, Ryan",75,0.147,337,0.068,485,0.047,217,0.065,117,0.077,152,0.059
l12_months,good shot (over +0.5 sg) rate,"Wallace, Matt",69,0.13,176,0.068,335,0.066,134,0.03,103,0.058,113,0.044
l12_months,good shot (over +0.5 sg) rate,"Ortiz, Carlos",69,0.087,191,0.068,230,0.091,127,0.071,109,0.055,85,0.071
l12_months,good shot (over +0.5 sg) rate,"Schwartzel, Charl",57,0.053,206,0.068,245,0.045,137,0.066,92,0.043,86,0.093
l12_months,good shot (over +0.5 sg) rate,"MacIntyre, Robert",85,0.094,324,0.068,453,0.057,220,0.045,156,0.064,151,0.04
l12_months,good shot (over +0.5 sg) rate,"Fitzpatrick, Matt",75,0.107,295,0.068,457,0.059,227,0.07,83,0.072,125,0.08
l12_months,good shot (over +0.5 sg) rate,"Oosthuizen, Louis",50,0.1,192,0.068,196,0.077,110,0.064,65,0.031,62,0.016
l12_months,good shot (over +0.5 sg) rate,"Mitchell, Keith",131,0.107,281,0.068,378,0.066,217,0.051,211,0.081,142,0.063
l12_months,good shot (over +0.5 sg) rate,"Streelman, Kevin",56,0.071,193,0.067,232,0.052,95,0.042,63,0.095,84,0.036
l12_months,good shot (over +0.5 sg) rate,"Thorbjornsen, Michael",106,0.132,312,0.067,434,0.051,201,0.06,142,0.028,111,0.054
l12_months,good shot (over +0.5 sg) rate,"McCarthy, Denny",87,0.115,312,0.067,478,0.042,234,0.051,130,0.046,172,0.052
l12_months,good shot (over +0.5 sg) rate,"Uihlein, Peter",65,0.138,179,0.067,206,0.044,116,0.052,176,0.074,134,0.06
l12_months,good shot (over +0.5 sg) rate,"Horsfield, Sam",39,0.077,194,0.067,218,0.041,118,0.042,103,0.019,94,0.053
l12_months,good shot (over +0.5 sg) rate,"Norgaard, Niklas",31,0.097,60,0.067,88,0.068,45,0,40,0.075,24,0.083
l12_months,good shot (over +0.5 sg) rate,"McNealy, Maverick",111,0.117,315,0.067,429,0.044,248,0.052,163,0.043,161,0.056
l12_months,good shot (over +0.5 sg) rate,"Thompson, Davis",94,0.096,285,0.067,353,0.059,167,0.054,136,0.074,95,0.137
l12_months,good shot (over +0.5 sg) rate,"Lee, Danny",47,0.064,165,0.067,219,0.032,127,0.031,98,0.061,80,0.025
l12_months,good shot (over +0.5 sg) rate,"Lebioda, Hank",45,0.133,180,0.067,255,0.063,119,0.05,84,0.06,101,0.01
l12_months,good shot (over +0.5 sg) rate,"Hirata, Kensei",36,0.028,180,0.067,278,0.032,118,0.025,56,0.018,75,0.027
l12_months,good shot (over +0.5 sg) rate,"Coody, Pierceson",93,0.097,317,0.066,429,0.044,217,0.041,167,0.096,151,0.026
l12_months,good shot (over +0.5 sg) rate,"Salinda, Isaiah",34,0.176,106,0.066,137,0.058,67,0.03,53,0.038,42,0.071
l12_months,good shot (over +0.5 sg) rate,"Novak, Andrew",129,0.101,258,0.066,480,0.05,243,0.058,151,0.053,186,0.07
l12_months,good shot (over +0.5 sg) rate,"Cantlay, Patrick",81,0.099,243,0.066,373,0.075,200,0.08,132,0.053,119,0.059
l12_months,good shot (over +0.5 sg) rate,"Spaun, J.J.",97,0.072,335,0.066,467,0.088,218,0.087,118,0.102,123,0.089
l12_months,good shot (over +0.5 sg) rate,"Olesen, Thorbjorn",61,0.098,199,0.065,269,0.056,102,0.059,95,0.095,106,0.038
l12_months,good shot (over +0.5 sg) rate,"Woodland, Gary",103,0.107,245,0.065,371,0.067,187,0.053,134,0.06,122,0.041
l12_months,good shot (over +0.5 sg) rate,"McCarty, Matt",109,0.101,276,0.065,435,0.057,204,0.064,130,0.092,146,0.082
l12_months,good shot (over +0.5 sg) rate,"Schenk, Adam",96,0.042,230,0.065,316,0.044,148,0.027,152,0.059,120,0.058
l12_months,good shot (over +0.5 sg) rate,"Velo, Kevin",18,0.222,46,0.065,68,0.074,28,0.107,37,0.027,null,null
l12_months,good shot (over +0.5 sg) rate,"Varner III, Harold",53,0.057,169,0.065,210,0.105,129,0.093,109,0.11,79,0.063
l12_months,good shot (over +0.5 sg) rate,"Day, Jason",69,0.116,216,0.065,337,0.039,171,0.035,106,0.094,113,0.044
l12_months,good shot (over +0.5 sg) rate,"Power, Seamus",61,0.082,282,0.064,402,0.052,155,0.045,116,0.043,116,0.043
l12_months,good shot (over +0.5 sg) rate,"Song, Younghan",33,0.121,157,0.064,233,0.06,111,0.018,64,0.047,50,0.12
l12_months,good shot (over +0.5 sg) rate,"Ghim, Doug",89,0.112,253,0.063,341,0.032,144,0.049,113,0.027,84,0.048
l12_months,good shot (over +0.5 sg) rate,"Kuchar, Matt",80,0.075,190,0.063,283,0.057,112,0.018,86,0.047,78,0.077
l12_months,good shot (over +0.5 sg) rate,"Finau, Tony",86,0.07,285,0.063,363,0.061,173,0.069,135,0.081,162,0.043
l12_months,good shot (over +0.5 sg) rate,"List, Luke",40,0.05,111,0.063,148,0.047,86,0.058,60,0.1,47,0.021
l12_months,good shot (over +0.5 sg) rate,"Stanger, Jimmy",50,0,143,0.063,206,0.063,91,0.044,83,0.084,69,0.014
l12_months,good shot (over +0.5 sg) rate,"Bradley, Keegan",89,0.079,302,0.063,447,0.051,237,0.055,153,0.065,126,0.04
l12_months,good shot (over +0.5 sg) rate,"Masaveu, Luis",56,0.089,175,0.063,177,0.073,99,0.071,77,0.065,74,0.095
l12_months,good shot (over +0.5 sg) rate,"Wu, Dylan",44,0.068,191,0.063,261,0.061,113,0.053,84,0.083,83,0.048
l12_months,good shot (over +0.5 sg) rate,"Watson, Bubba",57,0.175,192,0.063,237,0.08,131,0.046,103,0.049,63,0.032
l12_months,good shot (over +0.5 sg) rate,"Ballester, Jose Luis",58,0.052,192,0.063,203,0.074,133,0.12,122,0.082,83,0.036
l12_months,good shot (over +0.5 sg) rate,"Nakajima, Keita",29,0.069,160,0.063,206,0.044,91,0.088,65,0.046,73,0.082
l12_months,good shot (over +0.5 sg) rate,"Tabuena, Miguel",28,0.071,160,0.063,216,0.042,99,0.051,77,0.104,83,0.048
l12_months,good shot (over +0.5 sg) rate,"Walker, Danny",87,0.08,193,0.062,305,0.043,141,0.05,157,0.115,137,0.044
l12_months,good shot (over +0.5 sg) rate,"Detry, Thomas",52,0.058,242,0.062,286,0.056,155,0.045,104,0.058,91,0.044
l12_months,good shot (over +0.5 sg) rate,"Eckroat, Austin",74,0.068,228,0.061,328,0.085,150,0.06,120,0.092,117,0.017
l12_months,good shot (over +0.5 sg) rate,"Westwood, Lee",47,0.043,163,0.061,190,0.074,104,0.067,60,0.067,68,0.015
l12_months,good shot (over +0.5 sg) rate,"Lawrence, Thriston",15,0.067,49,0.061,67,0.03,29,0.103,23,0.043,null,null
l12_months,good shot (over +0.5 sg) rate,"Mun, Doyeob",24,0.042,49,0.061,null,null,null,null,37,0.054,27,0.074
l12_months,good shot (over +0.5 sg) rate,"Campbell, Ben",65,0.123,197,0.061,246,0.041,133,0.038,70,0.043,66,0
l12_months,good shot (over +0.5 sg) rate,"Svensson, Adam",71,0.028,181,0.061,307,0.052,128,0.055,84,0.071,94,0.117
l12_months,good shot (over +0.5 sg) rate,"Campos, Rafael",42,0.071,198,0.061,210,0.052,118,0.051,78,0.038,96,0.094
l12_months,good shot (over +0.5 sg) rate,"Steele, Brendan",47,0.085,215,0.06,225,0.071,128,0.047,82,0.037,67,0.045
l12_months,good shot (over +0.5 sg) rate,"Smotherman, Austin",55,0.091,182,0.06,341,0.067,133,0.075,69,0.101,88,0.034
l12_months,good shot (over +0.5 sg) rate,"Yu, Kevin",92,0.065,249,0.06,344,0.07,156,0.051,125,0.016,93,0.032
l12_months,good shot (over +0.5 sg) rate,"Kang, Jeffrey",57,0.053,117,0.06,225,0.058,104,0.038,82,0.134,95,0.053
l12_months,good shot (over +0.5 sg) rate,"Roy, Kevin",101,0.109,318,0.06,414,0.053,183,0.066,113,0.009,110,0.036
l12_months,good shot (over +0.5 sg) rate,"Hisatsune, Ryo",109,0.092,386,0.06,482,0.046,236,0.089,158,0.089,139,0.043
l12_months,good shot (over +0.5 sg) rate,"Snedeker, Brandt",68,0.103,219,0.059,324,0.046,133,0.038,76,0.118,87,0.023
l12_months,good shot (over +0.5 sg) rate,"Ventura, Kristoffer",69,0.029,221,0.059,244,0.037,125,0.088,95,0.084,72,0.056
l12_months,good shot (over +0.5 sg) rate,"Montgomery, Taylor",27,0.074,51,0.059,78,0.09,34,0.059,46,0.087,42,0.048
l12_months,good shot (over +0.5 sg) rate,"Bauchou, Zach",70,0.157,188,0.059,315,0.035,148,0.041,124,0.065,114,0.044
l12_months,good shot (over +0.5 sg) rate,"Hall, Harry",101,0.119,274,0.058,404,0.04,214,0.047,135,0.059,150,0.033
l12_months,good shot (over +0.5 sg) rate,"Putnam, Andrew",77,0.078,224,0.058,457,0.05,215,0.056,83,0.072,128,0.102
l12_months,good shot (over +0.5 sg) rate,"Vegas, Jhonattan",55,0.055,192,0.057,299,0.067,152,0.053,109,0.037,127,0.047
l12_months,good shot (over +0.5 sg) rate,"Kanaya, Takumi",77,0.156,298,0.057,379,0.04,171,0.029,96,0.052,118,0.034
l12_months,good shot (over +0.5 sg) rate,"Willett, Danny",29,0.172,88,0.057,146,0.041,83,0.048,38,0.105,60,0.017
l12_months,good shot (over +0.5 sg) rate,"Todd, Brendon",24,0.125,53,0.057,76,0.013,35,0,23,0.043,27,0.037
l12_months,good shot (over +0.5 sg) rate,"Hojgaard, Rasmus",85,0.035,212,0.057,266,0.034,123,0.081,138,0.058,135,0.022
l12_months,good shot (over +0.5 sg) rate,"Dickson, Taylor",11,0.091,53,0.057,63,0.032,null,null,18,0,20,0
l12_months,good shot (over +0.5 sg) rate,"Griffin, Ben",100,0.1,319,0.056,503,0.048,240,0.054,161,0.062,178,0.056
l12_months,good shot (over +0.5 sg) rate,"VanDerLaan, John",54,0.074,196,0.056,246,0.057,111,0.027,75,0.067,68,0.029
l12_months,good shot (over +0.5 sg) rate,"Champ, Cameron",30,0.067,90,0.056,109,0.037,63,0.016,43,0.07,26,0.077
l12_months,good shot (over +0.5 sg) rate,"Hossler, Beau",76,0.066,236,0.055,330,0.052,156,0.051,118,0.051,96,0.063
l12_months,good shot (over +0.5 sg) rate,"Fisk, Steven",97,0.082,275,0.055,393,0.051,173,0.064,150,0.06,113,0.035
l12_months,good shot (over +0.5 sg) rate,"Campbell, Brian",96,0.083,221,0.054,416,0.067,201,0.075,82,0.049,133,0.03
l12_months,good shot (over +0.5 sg) rate,"Greyserman, Max",80,0.087,240,0.054,353,0.057,160,0.037,155,0.065,122,0.041
l12_months,good shot (over +0.5 sg) rate,"Stevens, Sam",110,0.1,333,0.054,479,0.065,213,0.047,175,0.091,142,0.021
l12_months,good shot (over +0.5 sg) rate,"Echavarria, Nico",86,0.116,296,0.054,432,0.067,212,0.042,135,0.067,149,0.067
l12_months,good shot (over +0.5 sg) rate,"Homa, Max",86,0.105,279,0.054,398,0.068,207,0.063,153,0.065,144,0.042
l12_months,good shot (over +0.5 sg) rate,"Smith, Cameron",53,0.094,225,0.053,263,0.053,136,0.037,112,0.071,122,0.082
l12_months,good shot (over +0.5 sg) rate,"Rozo, Marcelo",48,0.146,132,0.053,199,0.03,94,0.032,41,0.073,57,0.035
l12_months,good shot (over +0.5 sg) rate,"Lower, Justin",52,0.077,208,0.053,294,0.058,129,0.039,71,0.056,78,0.038
l12_months,good shot (over +0.5 sg) rate,"Schauffele, Xander",60,0.1,249,0.052,371,0.07,182,0.06,116,0.06,130,0.031
l12_months,good shot (over +0.5 sg) rate,"Malnati, Peter",57,0.035,174,0.052,221,0.041,121,0.033,128,0.117,121,0.05
l12_months,good shot (over +0.5 sg) rate,"Widing, Tim",21,0.048,39,0.051,56,0.054,28,0.036,23,0,null,null
l12_months,good shot (over +0.5 sg) rate,"Cauley, Bud",100,0.11,296,0.051,452,0.064,218,0.055,117,0.043,166,0.036
l12_months,good shot (over +0.5 sg) rate,"Martin, Ben",43,0.116,119,0.05,154,0.039,82,0.073,56,0.054,40,0.075
l12_months,good shot (over +0.5 sg) rate,"Koepka, Brooks",64,0.063,199,0.05,254,0.059,127,0.039,113,0.062,102,0.069
l12_months,good shot (over +0.5 sg) rate,"Poston, J.T.",98,0.112,300,0.05,443,0.045,220,0.05,104,0.106,142,0.049
l12_months,good shot (over +0.5 sg) rate,"Whaley, Vince",70,0.129,220,0.05,329,0.04,148,0.02,156,0.045,135,0.015
l12_months,good shot (over +0.5 sg) rate,"Surratt, Caleb",64,0.016,221,0.05,235,0.043,140,0.064,116,0.078,85,0.047
l12_months,good shot (over +0.5 sg) rate,"Peterson, Paul",65,0.077,162,0.049,244,0.053,118,0.093,55,0.091,45,0.044
l12_months,good shot (over +0.5 sg) rate,"Howell III, Charles",63,0.079,204,0.049,206,0.053,118,0.034,102,0.039,60,0.05
l12_months,good shot (over +0.5 sg) rate,"Fishburn, Patrick",84,0.048,248,0.048,319,0.063,158,0.07,118,0.102,95,0.042
l12_months,good shot (over +0.5 sg) rate,"Lamprecht, Christo",67,0.045,125,0.048,160,0.056,84,0.024,94,0.064,86,0.07
l12_months,good shot (over +0.5 sg) rate,"Cummins, Quade",15,0.067,84,0.048,77,0.091,36,0.028,34,0.118,29,0
l12_months,good shot (over +0.5 sg) rate,"Hughes, Mackenzie",80,0.075,274,0.047,347,0.04,171,0.047,138,0.051,128,0.016
l12_months,good shot (over +0.5 sg) rate,"Lipsky, David",57,0.14,212,0.047,310,0.058,153,0.039,96,0.042,112,0.045
l12_months,good shot (over +0.5 sg) rate,"Castillo, Ricky",81,0.062,255,0.047,389,0.057,158,0.051,153,0.065,133,0.045
l12_months,good shot (over +0.5 sg) rate,"Higgs, Harry",54,0.093,149,0.047,203,0.074,108,0.046,75,0.04,51,0.078
l12_months,good shot (over +0.5 sg) rate,"Riedel, Matthew",17,0.059,64,0.047,73,0.014,31,0.032,25,0.12,null,null
l12_months,good shot (over +0.5 sg) rate,"Vincent, Scott",33,0,171,0.047,219,0.05,108,0.093,89,0.045,62,0.081
l12_months,good shot (over +0.5 sg) rate,"Burmester, Dean",67,0.09,173,0.046,202,0.074,111,0.081,113,0.062,79,0.051
l12_months,good shot (over +0.5 sg) rate,"Johnson, Dustin",77,0.052,238,0.046,272,0.044,155,0.077,116,0.034,114,0.096
l12_months,good shot (over +0.5 sg) rate,"Nyholm, Pontus",58,0.121,152,0.046,213,0.052,109,0.018,125,0.024,92,0.065
l12_months,good shot (over +0.5 sg) rate,"Pendrith, Taylor",124,0.065,306,0.046,360,0.056,206,0.078,145,0.083,159,0.05
l12_months,good shot (over +0.5 sg) rate,"Cook, Austin",24,0,66,0.045,92,0.033,52,0,26,0,29,0.138
l12_months,good shot (over +0.5 sg) rate,"Straka, Sepp",79,0.101,243,0.045,397,0.055,197,0.056,94,0.064,132,0.038
l12_months,good shot (over +0.5 sg) rate,"Ramey, Chad",87,0.126,289,0.045,373,0.059,176,0.04,136,0.029,124,0.065
l12_months,good shot (over +0.5 sg) rate,"James, Ben",26,0.077,91,0.044,136,0.044,66,0.03,28,0.071,21,0
l12_months,good shot (over +0.5 sg) rate,"Palmer, Ryan",19,0.105,91,0.044,99,0.04,42,0.048,40,0.1,29,0.034
l12_months,good shot (over +0.5 sg) rate,"Niemann, Joaquin",74,0.054,229,0.044,244,0.086,152,0.039,118,0.076,75,0.04
l12_months,good shot (over +0.5 sg) rate,"Kokrak, Jason",55,0.073,184,0.043,221,0.059,126,0.063,90,0.067,89,0.045
l12_months,good shot (over +0.5 sg) rate,"Penge, Marco",48,0.125,116,0.043,197,0.041,93,0.043,104,0.087,76,0.013
l12_months,good shot (over +0.5 sg) rate,"Puig, David",73,0.068,211,0.043,243,0.045,145,0.048,140,0.064,94,0.064
l12_months,good shot (over +0.5 sg) rate,"Cole, Eric",67,0.119,262,0.042,383,0.06,185,0.065,187,0.096,178,0.096
l12_months,good shot (over +0.5 sg) rate,"Parry, John",75,0.08,239,0.042,334,0.054,150,0.04,100,0.1,100,0.06
l12_months,good shot (over +0.5 sg) rate,"Onishi, Kaito",18,0.111,48,0.042,67,0.03,null,null,26,0.038,null,null
l12_months,good shot (over +0.5 sg) rate,"Brehm, Ryan",26,0.115,48,0.042,63,0.048,34,0.059,38,0.026,28,0.107
l12_months,good shot (over +0.5 sg) rate,"Villegas, Camilo",57,0.07,149,0.04,232,0.052,111,0.027,92,0.076,86,0.047
l12_months,good shot (over +0.5 sg) rate,"Hodges, Lee",61,0.049,250,0.04,348,0.055,147,0.088,88,0.08,95,0.011
l12_months,good shot (over +0.5 sg) rate,"Saddier, Adrien",41,0.049,150,0.04,223,0.031,95,0.063,67,0.06,72,0.042
l12_months,good shot (over +0.5 sg) rate,"Poulter, Ian",52,0.096,202,0.04,238,0.05,121,0.058,79,0.063,85,0.024
l12_months,good shot (over +0.5 sg) rate,"Brown, Dan",61,0.164,129,0.039,221,0.05,107,0.065,83,0.06,73,0.068
l12_months,good shot (over +0.5 sg) rate,"Blair, Zac",74,0.135,182,0.038,273,0.07,137,0.109,62,0,66,0.061
l12_months,good shot (over +0.5 sg) rate,"Lee, Richard",51,0.078,187,0.037,176,0.068,91,0.066,74,0.095,56,0.036
l12_months,good shot (over +0.5 sg) rate,"Tosti, Alejandro",43,0.093,161,0.037,201,0.035,109,0.064,77,0.065,94,0.043
l12_months,good shot (over +0.5 sg) rate,"Ford, David",31,0.129,167,0.036,202,0.059,84,0.036,51,0.02,52,0.038
l12_months,good shot (over +0.5 sg) rate,"English, Harris",88,0.102,311,0.035,471,0.062,260,0.046,122,0.066,136,0.022
l12_months,good shot (over +0.5 sg) rate,"Sargent, Gordon",62,0.113,147,0.034,193,0.057,108,0.019,107,0.047,60,0.017
l12_months,good shot (over +0.5 sg) rate,"Howell, Mason",19,0,59,0.034,83,0.024,38,0.132,29,0.069,24,0
l12_months,good shot (over +0.5 sg) rate,"Hadwin, Adam",36,0.056,150,0.033,181,0.039,87,0.034,54,0.019,49,0.02
l12_months,good shot (over +0.5 sg) rate,"Fleetwood, Tommy",75,0.027,281,0.032,422,0.062,232,0.073,79,0.076,127,0.063
l12_months,good shot (over +0.5 sg) rate,"Gordon, Will",24,0.083,97,0.031,150,0.04,70,0.057,42,0.024,43,0.07
l12_months,good shot (over +0.5 sg) rate,"Paul, Jeremy",46,0.043,132,0.03,155,0.052,79,0.051,59,0.119,69,0.072
l12_months,good shot (over +0.5 sg) rate,"Hoey, Rico",112,0.089,330,0.03,437,0.059,215,0.07,168,0.089,152,0.072
l12_months,good shot (over +0.5 sg) rate,"Springer, Hayden",41,0.098,135,0.03,171,0.041,73,0.027,72,0.097,59,0.085
l12_months,good shot (over +0.5 sg) rate,"Im, Sungjae",70,0.114,270,0.03,435,0.053,240,0.058,131,0.076,123,0.065
l12_months,good shot (over +0.5 sg) rate,"Chandler, Will",17,0.059,68,0.029,62,0.032,null,null,19,0,23,0.043
l12_months,good shot (over +0.5 sg) rate,"Kim, Chan",47,0.085,176,0.028,214,0.042,111,0.027,61,0.082,61,0.016
l12_months,good shot (over +0.5 sg) rate,"Laird, Martin",25,0.04,75,0.027,84,0.024,36,0.056,34,0.059,28,0
l12_months,good shot (over +0.5 sg) rate,"Smyth, Trav",25,0.04,85,0.024,78,0.103,45,0.067,60,0.067,48,0.042
l12_months,good shot (over +0.5 sg) rate,"Covello, Vince",16,0.063,48,0.021,60,0.033,null,null,39,0.051,null,null
l12_months,good shot (over +0.5 sg) rate,"Grace, Branden",50,0.08,194,0.021,226,0.066,109,0.018,91,0.121,81,0.086
l12_months,good shot (over +0.5 sg) rate,"Rozner, Antoine",null,null,56,0.018,76,0.053,35,0.029,18,0.056,null,null
l12_months,good shot (over +0.5 sg) rate,"Higa, Kazuki",null,null,41,0,48,0.042,null,null,16,0,27,0.037
l12_months,good shot (over +0.5 sg) rate,"Hahn, James",17,0,40,0,56,0.054,null,null,24,0.083,23,0.087
l12_months,good shot (over +0.5 sg) rate,"Endycott, Harrison",13,0,47,0,62,0.129,null,null,18,0.056,null,null
l12_months,good shot (over +0.5 sg) rate,"Nicholas, James",null,null,null,null,null,null,null,null,13,0,null,null
l12_months,good shot (over +0.5 sg) rate,"Fang, Ethan",12,0,null,null,null,null,null,null,12,0.167,null,null
l12_months,good shot (over +0.5 sg) rate,"Ogletree, Andy",15,0,null,null,null,null,null,null,null,null,null,null
l12_months,good shot (over +0.5 sg) rate,"Sihota, Jeevan",11,0.182,null,null,null,null,null,null,null,null,null,null
l12_months,good shot (over +0.5 sg) rate,"Repetto Taylor, Rocco",null,null,null,null,null,null,null,null,17,0.059,null,null
l12_months,good shot (over +0.5 sg) rate,"Petronzio, Nathan",null,null,null,null,null,null,null,null,12,0,null,null
l12_months,good shot (over +0.5 sg) rate,"Townsend, Hugo",null,null,null,null,null,null,null,null,12,0,null,null
l12_months,good shot (over +0.5 sg) rate,"Ayora, Angel",null,null,null,null,null,null,null,null,15,0,null,null
l12_months,good shot (over +0.5 sg) rate,"Meeks, Kye",null,null,null,null,null,null,null,null,12,0.083,null,null
l12_months,good shot (over +0.5 sg) rate,"Gonzalez, Emilio",12,0.167,null,null,54,0.019,null,null,17,0.059,28,0
l12_months,good shot (over +0.5 sg) rate,"Donohue, Muzzy",null,null,null,null,null,null,null,null,11,0.273,null,null
l12_months,good shot (over +0.5 sg) rate,"Matthews, Justin",null,null,null,null,null,null,null,null,14,0,null,null
l12_months,good shot (over +0.5 sg) rate,"Watts, Tyler",null,null,null,null,null,null,null,null,11,0.091,null,null
l12_months,good shot (over +0.5 sg) rate,"Bairstow, Sam",null,null,null,null,null,null,null,null,12,0,null,null
l12_months,good shot (over +0.5 sg) rate,"Kaneko, Kota",14,0.071,null,null,58,0.017,29,0.034,14,0.071,24,0
l12_months,good shot (over +0.5 sg) rate,"Hastings, Justin",null,null,null,null,null,null,null,null,14,0.071,null,null
l12_months,good shot (over +0.5 sg) rate,"Pulcini, Mateo",null,null,null,null,null,null,null,null,17,0.118,20,0.1
l12_months,good shot (over +0.5 sg) rate,"Russell, Miles",14,0.143,null,null,null,null,null,null,22,0.045,null,null
l12_months,good shot (over +0.5 sg) rate,"Jang, Yubin",15,0.133,null,null,null,null,null,null,15,0.067,null,null
l12_months,good shot (over +0.5 sg) rate,"Couples, Fred",11,0.182,null,null,null,null,null,null,null,null,null,null
l12_months,good shot (over +0.5 sg) rate,"Schaper, Jayden",14,0.071,null,null,null,null,null,null,14,0.071,null,null
l12_months,good shot (over +0.5 sg) rate,"Chacarra, Eugenio",null,null,null,null,null,null,null,null,15,0.133,22,0
l12_months,good shot (over +0.5 sg) rate,"Knous, Jim",13,0.077,null,null,null,null,null,null,null,null,null,null
l12_months,good shot (over +0.5 sg) rate,"Lee, S.T.",null,null,null,null,48,0.083,null,null,15,0,21,0.048
l12_months,good shot (over +0.5 sg) rate,"Girrbach, Joel",11,0.091,null,null,null,null,36,0.111,null,null,null,null
l12_months,good shot (over +0.5 sg) rate,"Sullivan, Andy",11,0,null,null,58,0.017,null,null,18,0.056,20,0
l12_months,good shot (over +0.5 sg) rate,"Bramlett, Joseph",null,null,null,null,54,0.074,null,null,21,0,null,null
l12_months,good shot (over +0.5 sg) rate,"Kozuma, Jinichiro",16,0.125,null,null,null,null,null,null,11,0.091,null,null
l12_months,good shot (over +0.5 sg) rate,"Dantorp, Jens",11,0,null,null,null,null,null,null,null,null,null,null
l12_months,good shot (over +0.5 sg) rate,"Campillo, Jorge",12,0.083,null,null,null,null,null,null,null,null,null,null
l12_months,good shot (over +0.5 sg) rate,"Lee, K.H.",16,0.125,null,null,null,null,null,null,11,0.091,20,0
l12_months,good shot (over +0.5 sg) rate,"Schneider, Marcel",null,null,null,null,null,null,31,0.032,null,null,null,null
l12_months,good shot (over +0.5 sg) rate,"Garcia Rodriguez, Sebastian",null,null,null,null,null,null,null,null,13,0.154,null,null
l12_months,good shot (over +0.5 sg) rate,"Frittelli, Dylan",20,0.1,null,null,null,null,null,null,12,0,20,0
l12_months,good shot (over +0.5 sg) rate,"Manassero, Matteo",null,null,null,null,null,null,null,null,11,0.091,null,null
l12_months,good shot (over +0.5 sg) rate,"Burgoon, Bronson",null,null,null,null,null,null,null,null,24,0.042,null,null
l12_months,good shot (over +0.5 sg) rate,"Lemke, Niklas",null,null,null,null,null,null,null,null,14,0,null,null
l12_months,good shot (over +0.5 sg) rate,"Wiesberger, Bernd",13,0.077,null,null,null,null,null,null,null,null,null,null
l12_months,good shot (over +0.5 sg) rate,"Jones, Matt",16,0.063,null,null,null,null,null,null,null,null,null,null
l12_months,good shot (over +0.5 sg) rate,"Watney, Nick",null,null,null,null,null,null,null,null,11,0,null,null
l12_months,good shot (over +0.5 sg) rate,"Norris, Shaun",null,null,null,null,null,null,null,null,null,null,19,0
l12_months,good shot (over +0.5 sg) rate,"Na, Kevin",12,0.083,null,null,null,null,null,null,null,null,null,null
l12_months,good shot (over +0.5 sg) rate,"Vermeer, Ryan",null,null,null,null,null,null,null,null,13,0.154,null,null
l12_months,good shot (over +0.5 sg) rate,"Walker, Jimmy",null,null,null,null,null,null,null,null,12,0.083,null,null
l12_months,good shot (over +0.5 sg) rate,"Baddeley, Aaron",null,null,null,null,null,null,null,null,12,0,null,null
l12_months,good shot (over +0.5 sg) rate,"Harrington, Padraig",null,null,null,null,56,0.054,32,0,27,0.037,39,0.051
l12_months,good shot (over +0.5 sg) rate,"Cink, Stewart",null,null,null,null,null,null,null,null,11,0,null,null
l12_months,good shot (over +0.5 sg) rate,"Donald, Luke",11,0,null,null,null,null,null,null,12,0.333,null,null
l12_months,good shot (over +0.5 sg) rate,"Mickelson, Phil",12,0.083,null,null,null,null,null,null,18,0.056,22,0
l12_months,good shot (over +0.5 sg) rate,"Paratore, Renato",null,null,null,null,null,null,null,null,13,0.077,null,null
l12_months,good shot (over +0.5 sg) rate,"Langasque, Romain",13,0,null,null,null,null,32,0.031,null,null,null,null
l12_months,good shot (over +0.5 sg) rate,"Lindheim, Nicholas",11,0,null,null,null,null,null,null,null,null,null,null
l12_months,good shot (over +0.5 sg) rate,"Hillier, Daniel",null,null,null,null,null,null,null,null,15,0.133,null,null
l12_months,good shot (over +0.5 sg) rate,"Hruby, Petr",null,null,null,null,null,null,null,null,12,0,null,null
l12_months,good shot (over +0.5 sg) rate,"Feagles, Michael",null,null,null,null,null,null,null,null,11,0.091,null,null
l12_months,good shot (over +0.5 sg) rate,"Anderson, Matthew",null,null,null,null,null,null,null,null,15,0,null,null
l12_months,good shot (over +0.5 sg) rate,"Ko, Jeong Weon",15,0,null,null,null,null,29,0.034,17,0.118,null,null
l12_months,good shot (over +0.5 sg) rate,"Olesen, Jacob Skov",11,0.091,null,null,null,null,34,0.029,12,0.167,null,null
l12_months,good shot (over +0.5 sg) rate,"Kjettrup, Frederik",null,null,null,null,null,null,null,null,12,0,null,null
l12_months,good shot (over +0.5 sg) rate,"Knowles, Philip",null,null,null,null,null,null,null,null,14,0,null,null
l12_months,good shot (over +0.5 sg) rate,"Xiong, Norman",null,null,null,null,null,null,null,null,13,0.077,null,null
l12_months,good shot (over +0.5 sg) rate,"Celli, Filippo",null,null,null,null,null,null,31,0.032,null,null,null,null
l12_months,good shot (over +0.5 sg) rate,"Andersen, Mason",11,0.091,null,null,null,null,null,null,17,0,null,null
l12_months,good shot (over +0.5 sg) rate,"Del Rey, Alejandro",13,0.077,null,null,48,0.104,null,null,15,0.067,null,null
l12_months,good shot (over +0.5 sg) rate,"Von Dellingshausen, Nicolai",12,0.083,null,null,52,0.019,null,null,null,null,null,null
l12_months,good shot (over +0.5 sg) rate,"Mazzoli, Stefano",null,null,null,null,null,null,28,0.071,17,0.059,null,null
l12_months,good shot (over +0.5 sg) rate,"Daffue, MJ",null,null,null,null,null,null,null,null,11,0,null,null
l12_months,good shot (over +0.5 sg) rate,"Coussaud, Ugo",14,0.214,null,null,52,0.038,30,0.033,25,0.08,null,null
l12_months,good shot (over +0.5 sg) rate,"Helligkilde, Marcus",null,null,null,null,null,null,null,null,12,0.083,null,null
l12_months,good shot (over +0.5 sg) rate,"Lindberg, Mikael",null,null,null,null,null,null,null,null,13,0,null,null
l12_months,good shot (over +0.5 sg) rate,"Rottluff, Max",null,null,null,null,null,null,null,null,18,0.111,null,null
l12_months,good shot (over +0.5 sg) rate,"Pereira, Mito",13,0.077,null,null,null,null,null,null,null,null,null,null
l12_months,good shot (over +0.5 sg) rate,"Zalatoris, Will",null,null,null,null,52,0.077,null,null,15,0.133,20,0.05
l12_months,good shot (over +0.5 sg) rate,"Du Plessis, Hennie",null,null,null,null,63,0.063,28,0.036,12,0,29,0.069
l12_months,good shot (over +0.5 sg) rate,"John, Cameron",null,null,null,null,null,null,null,null,13,0,null,null
l12_months,good shot (over +0.5 sg) rate,"Schniederjans, Ollie",null,null,null,null,null,null,null,null,18,0.056,null,null
l12_months,good shot (over +0.5 sg) rate,"Catlin, John",null,null,null,null,null,null,null,null,16,0.125,null,null
l12_months,good shot (over +0.5 sg) rate,"Ham, Jeong Woo",null,null,null,null,null,null,null,null,15,0.067,null,null
l12_months,good shot (over +0.5 sg) rate,"Del Solar, Cristobal",null,null,null,null,null,null,null,null,31,0.129,null,null
l12_months,good shot (over +0.5 sg) rate,"Herrington, Jackson",null,null,null,null,null,null,null,null,16,0.063,null,null
