player_name,events_played,rounds_played,rounds_played_w_shotlink,win,top_5,top_10,top_25,putt_mean,putt_rank,putt_perc_05,putt_perc_25,putt_median,putt_perc_75,putt_perc_95,putt_std_dev,arg_mean,arg_rank,arg_perc_05,arg_perc_25,arg_median,arg_perc_75,arg_perc_95,arg_std_dev,app_mean,app_rank,app_perc_05,app_perc_25,app_median,app_perc_75,app_perc_95,app_std_dev,ott_mean,ott_rank,ott_perc_05,ott_perc_25,ott_median,ott_perc_75,ott_perc_95,ott_std_dev,bs_mean,bs_rank,bs_perc_05,bs_perc_25,bs_median,bs_perc_75,bs_perc_95,bs_std_dev,t2g_mean,t2g_rank,t2g_perc_05,t2g_perc_25,t2g_median,t2g_perc_75,t2g_perc_95,t2g_std_dev,total_mean,total_rank,total_perc_05,total_perc_25,total_median,total_perc_75,total_perc_95,total_std_dev,total_no_am_mean,total_no_am_rank,total_no_am_perc_05,total_no_am_perc_25,total_no_am_median,total_no_am_perc_75,total_no_am_perc_95,total_no_am_std_dev,dist_mean,dist_rank,dist_perc_05,dist_perc_25,dist_median,dist_perc_75,dist_perc_95,dist_std_dev,acc_mean,acc_rank,acc_perc_05,acc_perc_25,acc_median,acc_perc_75,acc_perc_95,acc_std_dev
"Kim, Si Woo",1,4,4,0,1,1,1,1.942,2,0.362,1.330,2.135,2.746,3.252,1.388,0.943,1,0.594,0.698,0.953,1.197,1.278,0.345,0.145,45,-1.309,-0.639,0.046,0.831,1.739,1.448,0.906,8,0.330,0.734,0.982,1.154,1.376,0.503,1.052,12,-0.372,-0.202,0.876,2.130,2.721,1.586,1.995,2,0.484,0.671,1.688,3.011,3.935,1.741,3.937,1,0.966,2.603,3.822,5.155,7.067,2.889,3.937,1,0.966,2.603,3.822,5.155,7.067,2.889,-2.581,65,-8.773,-8.367,-5.210,0.576,7.291,8.260,0.163,2,-0.048,0.132,0.234,0.265,0.274,0.173
"Clark, Wyndham",2,8,8,1,1,1,2,1.937,3,0.533,0.718,1.708,2.831,3.929,1.383,0.494,14,-0.801,-0.565,0.152,1.583,2.191,1.249,0.342,29,-1.841,-0.746,0.212,1.998,2.195,1.648,0.511,21,-0.385,0.195,0.616,0.838,1.271,0.620,0.853,18,-1.861,-0.397,0.718,2.593,3.312,2.032,1.347,9,-1.209,-0.405,0.830,2.920,4.670,2.329,3.284,2,-0.548,1.373,2.958,5.036,7.663,3.109,3.284,2,-0.548,1.373,2.958,5.036,7.663,3.109,7.022,25,-18.964,0.903,10.702,18.105,23.349,17.101,-0.051,83,-0.172,-0.066,-0.038,-0.019,0.036,0.081
"Potgieter, Aldrich",1,4,4,0,0,1,1,1.103,8,0.053,1.019,1.467,1.551,1.644,0.867,0.643,7,-0.719,0.226,0.957,1.375,1.565,1.143,0.286,34,-0.814,-0.414,0.360,1.061,1.282,1.048,0.099,47,-2.203,-0.569,0.489,1.156,1.854,1.971,0.385,34,-2.835,-0.071,1.431,1.886,2.139,2.648,1.028,15,-1.439,0.457,1.812,2.382,2.397,2.033,2.131,3,-0.087,1.536,2.486,3.081,3.851,1.910,2.131,3,-0.087,1.536,2.486,3.081,3.851,1.910,24.525,1,15.624,17.105,23.560,30.980,34.778,9.686,-0.087,95,-0.257,-0.220,-0.106,0.027,0.110,0.182
"Im, Sungjae",1,4,4,0,0,1,1,1.239,6,0.077,0.525,1.291,2.005,2.329,1.106,0.936,2,-0.181,0.565,1.188,1.559,1.701,0.942,-0.327,65,-2.832,-1.293,-0.395,0.571,2.272,2.424,0.089,48,-1.350,-0.566,0.399,1.053,1.093,1.252,-0.239,60,-2.105,-1.807,-1.288,0.281,3.096,2.744,0.697,20,-1.845,-1.022,0.083,1.802,4.101,2.904,1.937,4,-0.554,0.091,0.958,2.804,5.797,3.209,1.937,4,-0.554,0.091,0.958,2.804,5.797,3.209,3.669,37,-4.604,-2.499,2.652,8.820,13.366,8.820,0.020,41,-0.143,-0.060,0.054,0.134,0.135,0.144
"Bridgeman, Jacob",1,4,4,0,0,0,1,0.833,13,-2.098,-0.541,1.151,2.525,3.317,2.620,0.006,51,-0.653,-0.342,-0.118,0.230,0.838,0.721,1.135,7,0.138,0.655,1.084,1.564,2.204,0.979,-0.093,58,-1.144,-0.275,0.110,0.292,0.674,0.901,1.042,14,0.805,0.913,0.980,1.110,1.366,0.276,1.048,14,0.586,0.666,0.817,1.200,1.834,0.648,1.881,5,-1.363,0.336,1.902,3.447,5.096,3.060,1.881,5,-1.363,0.336,1.902,3.447,5.096,3.060,-3.850,70,-13.972,-8.770,-4.190,0.730,6.749,9.812,0.020,38,-0.042,-0.006,0.035,0.061,0.063,0.054
"Svensson, Jesper",3,12,8,0,1,3,3,0.703,17,-0.878,-0.819,0.665,1.591,2.838,1.540,0.879,3,-0.177,0.208,0.494,1.125,2.859,1.256,-0.338,67,-2.234,-1.342,-0.467,0.271,2.071,1.633,0.915,7,-0.636,0.374,1.130,1.637,2.040,1.039,0.576,27,-2.445,0.360,0.749,1.927,2.360,1.901,1.455,7,-2.002,1.671,2.137,2.434,2.935,2.143,1.700,6,-2.551,0.289,1.860,3.681,5.030,2.799,1.700,6,-2.551,0.289,1.860,3.681,5.030,2.799,16.128,8,3.154,8.121,15.986,22.535,31.507,10.836,0.014,43,-0.145,-0.082,-0.020,0.136,0.179,0.125
"Suber, Jackson",3,10,8,0,2,2,2,0.044,45,-1.404,-1.003,-0.343,0.904,2.182,1.450,0.232,31,-1.287,-0.396,0.545,0.732,1.514,1.076,1.458,3,-0.030,1.150,1.544,2.002,2.622,1.008,0.925,6,-0.531,0.489,1.012,1.347,2.260,1.033,2.383,1,1.328,2.010,2.377,3.049,3.186,0.735,2.615,1,0.500,1.047,3.363,3.759,4.154,1.584,1.587,7,-2.776,-0.828,1.286,4.447,5.978,3.373,1.587,7,-2.776,-0.828,1.286,4.447,5.978,3.373,7.930,19,0.454,3.940,7.536,8.525,19.234,6.817,0.015,42,-0.197,-0.024,0.042,0.119,0.134,0.133
"Koepka, Brooks",2,7,7,0,0,0,1,1.201,7,-1.856,0.108,1.466,2.884,3.449,2.162,-0.084,61,-0.903,-0.618,-0.456,0.409,1.060,0.807,0.386,27,-1.248,-0.875,0.155,1.586,2.207,1.480,-0.042,54,-1.272,-0.957,-0.081,0.817,1.318,1.091,0.344,36,-2.072,-0.574,0.828,1.694,1.778,1.647,0.260,42,-2.572,-0.517,0.725,1.084,2.393,1.954,1.461,8,-2.181,-0.585,1.760,3.385,5.015,2.874,1.461,8,-2.181,-0.585,1.760,3.385,5.015,2.874,7.597,22,-6.606,-1.454,9.503,16.052,20.957,11.438,-0.068,91,-0.385,-0.144,-0.051,0.021,0.212,0.228
"Finau, Tony",2,8,8,0,0,1,1,0.240,35,-1.418,-1.108,-0.085,0.946,2.870,1.710,0.285,28,-1.718,-0.325,0.685,1.210,1.496,1.289,0.266,35,-1.489,-0.162,0.480,0.973,1.486,1.160,0.618,17,-0.157,0.270,0.625,1.048,1.325,0.577,0.884,17,-0.809,0.508,0.799,1.248,2.644,1.279,1.169,12,-1.083,0.140,1.082,2.035,3.652,1.796,1.409,9,-2.441,-0.572,2.286,3.341,4.182,2.716,1.409,9,-2.441,-0.572,2.286,3.341,4.182,2.716,20.522,3,11.208,18.650,20.088,22.459,30.394,7.274,-0.016,61,-0.132,-0.082,-0.032,0.068,0.105,0.095
"Castillo, Ricky",2,8,4,1,1,1,1,-0.062,48,-0.314,-0.215,-0.105,0.048,0.249,0.271,0.356,22,-0.379,-0.150,-0.017,0.490,1.614,1.045,-0.153,60,-1.997,-0.760,0.289,0.897,1.071,1.550,0.240,40,-0.526,-0.224,0.094,0.558,1.209,0.838,0.087,49,-1.844,-1.140,0.086,1.312,2.019,1.882,0.443,32,-2.223,-1.290,0.658,2.391,2.808,2.547,1.331,10,-2.054,0.849,2.025,2.654,3.157,2.076,1.331,10,-2.054,0.849,2.025,2.654,3.157,2.076,4.808,32,-13.067,2.112,5.460,10.231,19.276,12.621,-0.007,55,-0.231,-0.040,0.006,0.048,0.180,0.150
"Hoge, Tom",2,6,6,0,0,1,1,0.431,25,-2.244,-0.138,0.601,1.614,2.497,1.993,-0.273,80,-1.235,-1.007,-0.440,0.492,0.861,0.931,1.303,6,0.008,0.584,1.445,1.723,2.631,1.077,-0.174,63,-1.483,-0.724,-0.097,0.574,0.913,1.051,1.129,10,-1.164,0.872,0.989,2.021,3.162,1.772,0.856,19,-0.765,-0.043,0.451,0.984,3.462,1.800,1.286,11,-1.270,0.304,0.560,2.108,4.798,2.504,1.286,11,-1.270,0.304,0.560,2.108,4.798,2.504,-6.957,86,-18.359,-16.004,-7.648,2.452,5.009,10.630,-0.035,73,-0.195,-0.161,-0.046,0.063,0.158,0.160
"Moore, Taylor",2,8,8,0,0,0,1,0.221,39,-2.326,-1.684,1.158,1.417,2.234,1.931,0.421,17,-2.074,-0.239,0.636,1.460,2.275,1.661,0.194,39,-0.840,-0.608,-0.273,0.686,2.073,1.175,0.323,32,-0.868,0.166,0.535,0.667,1.140,0.780,0.517,29,-1.011,0.105,0.527,0.701,2.275,1.242,0.938,17,-1.445,0.030,0.639,2.233,3.339,1.859,1.159,12,-1.781,-0.696,0.486,2.591,5.361,2.800,1.159,12,-1.781,-0.696,0.486,2.591,5.361,2.800,6.735,26,-6.491,-1.585,5.802,15.159,21.111,10.925,-0.042,77,-0.154,-0.151,-0.043,0.007,0.123,0.113
"Keefer, Johnny",2,8,8,0,0,1,1,-0.656,78,-3.788,-1.401,-0.325,0.662,1.500,2.098,-0.148,69,-1.694,-0.607,-0.042,0.409,1.135,1.087,0.859,12,-0.468,0.094,0.553,0.842,3.352,1.613,0.979,3,0.040,0.720,1.104,1.389,1.608,0.620,1.838,5,0.252,1.056,1.412,1.989,4.555,1.717,1.689,5,-0.132,1.285,1.513,2.110,3.642,1.403,1.034,13,-2.779,-0.331,1.658,2.249,4.261,2.664,1.034,13,-2.779,-0.331,1.658,2.249,4.261,2.664,13.785,11,5.284,8.644,11.865,17.872,25.902,8.053,-0.033,70,-0.178,-0.094,-0.021,0.060,0.063,0.103
"Yellamaraju, Sudarshan",2,8,4,0,0,1,1,0.239,36,-1.057,-0.202,0.373,0.814,1.346,1.147,-0.211,76,-0.893,-0.319,-0.024,0.084,0.209,0.566,1.404,4,0.540,0.546,1.145,2.003,2.629,1.081,0.700,14,-0.270,-0.170,0.576,1.446,1.843,1.089,2.103,2,0.270,0.375,2.052,3.780,4.009,2.053,1.892,3,0.456,0.475,1.756,3.173,3.519,1.662,0.956,14,-1.541,-0.556,0.776,1.723,4.246,2.210,0.956,14,-1.541,-0.556,0.776,1.723,4.246,2.210,6.371,27,-4.043,1.812,6.801,10.754,16.621,7.828,0.064,19,-0.174,-0.062,0.082,0.216,0.254,0.176
"Greyserman, Max",2,6,6,0,0,1,1,-0.249,58,-1.725,-1.208,-0.013,0.610,1.019,1.190,-0.752,106,-2.238,-1.402,-0.682,-0.028,0.602,1.209,1.401,5,-1.203,-0.291,1.609,2.789,3.965,2.176,0.554,20,-0.514,-0.161,0.362,1.260,1.849,1.029,1.954,4,-0.960,0.593,1.729,3.789,4.815,2.470,1.202,10,-1.814,-1.359,0.974,2.828,5.107,3.106,0.953,15,-2.291,-1.127,0.249,2.989,5.048,3.122,0.953,15,-2.291,-1.127,0.249,2.989,5.048,3.122,9.593,16,-2.662,1.815,12.890,16.815,18.371,9.554,-0.023,65,-0.245,-0.085,-0.008,0.057,0.170,0.170
"Spieth, Jordan",1,4,4,0,0,0,1,0.575,22,-1.915,-0.997,0.456,2.028,3.232,2.481,0.009,50,-1.093,-0.469,-0.140,0.338,1.320,1.163,0.188,41,-0.499,-0.394,0.187,0.769,0.877,0.730,0.164,44,-0.487,-0.340,-0.000,0.503,1.045,0.756,0.352,35,-0.825,0.072,0.638,0.918,1.129,0.982,0.361,37,-1.840,-0.005,0.866,1.232,1.856,1.856,0.937,16,-3.723,-0.842,1.322,3.100,5.056,4.177,0.937,16,-3.723,-0.842,1.322,3.100,5.056,4.177,5.194,29,-1.204,0.901,4.390,8.683,12.717,6.725,-0.052,84,-0.215,-0.119,-0.014,0.053,0.060,0.140
"Hisatsune, Ryo",1,4,4,0,0,0,1,-0.264,59,-2.115,-1.819,-0.611,0.944,2.073,2.094,-0.364,84,-1.733,-1.547,-0.589,0.594,1.320,1.542,0.636,19,-0.447,0.212,0.804,1.228,1.483,0.939,0.929,5,0.449,0.785,1.024,1.168,1.274,0.406,1.565,6,0.714,0.810,1.449,2.203,2.578,0.954,1.201,11,-0.642,0.504,1.092,1.788,3.196,1.834,0.937,16,-0.676,-0.520,0.452,1.908,3.227,1.975,0.937,16,-0.676,-0.520,0.452,1.908,3.227,1.975,-2.806,67,-8.189,-6.854,-5.314,-1.266,6.087,7.357,0.127,4,0.062,0.063,0.127,0.190,0.193,0.074
"Coody, Pierceson",1,4,4,0,0,0,1,2.067,1,1.663,1.744,2.029,2.352,2.524,0.431,-1.149,109,-2.118,-1.452,-0.872,-0.568,-0.566,0.810,-0.983,99,-3.113,-1.864,-0.463,0.417,0.419,1.828,1.001,2,-0.383,0.180,0.910,1.731,2.512,1.384,0.018,53,-0.626,-0.259,-0.022,0.256,0.718,0.639,-1.131,85,-2.081,-1.518,-1.283,-0.895,0.033,1.030,0.937,16,-0.323,0.158,0.822,1.600,2.356,1.284,0.937,16,-0.323,0.158,0.822,1.600,2.356,1.284,8.094,18,-2.573,6.233,11.136,12.997,14.502,8.816,0.056,24,-0.070,-0.026,0.021,0.103,0.229,0.147
"Grillo, Emiliano",2,8,8,0,0,0,1,0.212,41,-1.742,-1.081,-0.041,1.220,2.759,1.805,0.024,49,-0.719,-0.381,0.052,0.322,0.817,0.586,0.198,38,-1.644,-0.319,0.188,0.484,2.279,1.441,0.475,26,-0.311,0.042,0.391,0.891,1.368,0.645,0.673,25,-1.331,-0.459,0.480,1.690,3.008,1.662,0.697,21,-1.315,-0.582,0.655,2.249,2.518,1.592,0.909,19,-2.129,-1.446,0.523,3.336,4.308,2.685,0.909,19,-2.129,-1.446,0.523,3.336,4.308,2.685,-4.090,72,-18.730,-10.531,-1.488,2.480,7.336,10.100,0.118,5,0.016,0.077,0.105,0.124,0.273,0.104
"Ghim, Doug",3,12,8,0,0,0,1,-0.213,56,-2.146,-1.037,-0.199,0.730,1.637,1.438,0.313,26,-1.223,-0.208,0.227,1.025,1.805,1.146,0.129,49,-2.477,-0.159,0.424,0.937,1.806,1.712,0.930,4,-0.084,0.584,0.946,1.494,1.714,0.715,1.059,11,-1.606,0.840,1.311,2.128,2.680,1.653,1.372,8,-0.866,0.331,1.678,2.401,3.245,1.597,0.783,20,-2.126,-0.581,1.023,2.163,3.278,1.945,0.783,20,-2.126,-0.581,1.023,2.163,3.278,1.945,3.453,38,-9.290,-3.637,5.174,7.458,18.179,9.708,0.037,29,-0.114,-0.020,0.048,0.088,0.174,0.104
"Ewart, A.J.",3,12,8,0,0,0,1,0.912,10,0.069,0.213,0.682,1.734,1.932,0.835,0.504,13,-0.461,-0.184,0.708,0.966,1.429,0.759,0.167,43,-1.763,-0.648,0.190,1.149,1.873,1.418,-0.550,83,-1.750,-1.286,-0.187,-0.034,0.393,0.873,-0.383,65,-2.561,-0.945,-0.213,0.568,1.313,1.483,0.122,47,-1.340,-0.070,0.370,0.674,1.002,0.916,0.700,21,-1.196,-0.827,0.526,2.304,2.769,1.627,0.700,21,-1.196,-0.827,0.526,2.304,2.769,1.627,-2.088,64,-22.324,-3.674,-2.616,3.953,13.562,11.511,0.002,47,-0.137,-0.077,-0.009,0.077,0.174,0.115
"Bauchou, Zach",3,10,6,0,0,1,2,0.266,34,-1.860,-0.128,0.197,1.387,1.988,1.605,-0.102,65,-1.378,-0.979,0.064,0.378,1.243,1.105,0.165,44,-1.255,-0.939,0.027,0.581,2.206,1.469,0.624,16,-0.042,0.631,0.817,0.872,0.895,0.443,0.789,19,-1.188,-0.108,0.905,1.379,2.837,1.626,0.687,22,-2.095,0.324,0.948,1.136,3.108,2.127,0.684,22,-1.679,-0.711,1.170,1.498,3.100,1.772,0.684,22,-1.679,-0.711,1.170,1.498,3.100,1.772,-6.658,84,-22.637,-10.424,-3.621,0.351,1.561,9.453,0.029,35,-0.085,-0.042,0.026,0.109,0.134,0.087
"Hall, Harry",1,4,4,0,0,0,0,0.641,19,-0.701,0.362,1.031,1.310,1.437,1.107,0.611,8,0.403,0.438,0.544,0.717,0.912,0.255,0.188,40,-0.853,-0.013,0.395,0.596,0.940,0.887,-0.809,94,-1.916,-1.339,-0.630,-0.100,0.047,0.977,-0.621,71,-2.096,-1.833,-0.716,0.495,0.987,1.572,-0.010,53,-1.411,-0.953,-0.009,0.933,1.390,1.381,0.631,23,-2.112,-0.591,1.128,2.349,2.678,2.390,0.631,23,-2.112,-0.591,1.128,2.349,2.678,2.390,-9.475,99,-17.194,-16.878,-13.012,-5.609,3.197,10.566,-0.051,82,-0.146,-0.130,-0.103,-0.024,0.117,0.138
"Phillips, Chandler",2,6,6,0,0,0,1,1.277,5,-0.192,0.393,1.188,1.517,3.277,1.455,0.351,24,-0.716,0.049,0.414,0.915,1.167,0.784,-0.554,79,-1.822,-1.492,-0.680,0.236,0.961,1.192,-0.502,81,-2.089,-1.274,-0.537,0.559,0.933,1.281,-1.056,83,-3.137,-2.128,-0.456,0.057,0.297,1.534,-0.705,70,-2.166,-1.798,-0.262,0.291,0.302,1.201,0.571,24,-2.002,-0.354,0.860,1.623,2.723,1.927,0.571,24,-2.002,-0.354,0.860,1.623,2.723,1.927,-12.759,105,-25.064,-21.378,-11.010,-8.616,0.491,10.803,-0.016,62,-0.235,-0.168,0.042,0.121,0.147,0.175
"Horschel, Billy",2,6,6,0,0,0,1,0.332,33,-1.238,-0.238,0.672,0.915,1.497,1.141,-0.198,75,-1.806,-0.585,-0.187,0.313,1.315,1.263,0.897,10,-0.775,-0.593,-0.044,2.327,3.709,2.053,-0.460,78,-2.213,-1.541,-0.005,0.181,1.053,1.402,0.437,32,-1.734,-0.845,-0.357,1.406,3.743,2.310,0.239,44,-2.260,-1.794,-0.765,0.938,4.801,3.106,0.571,24,-1.595,-1.331,-0.598,1.599,4.684,2.795,0.571,24,-1.595,-1.331,-0.598,1.599,4.684,2.795,-0.959,57,-10.759,-3.328,0.566,3.984,5.348,7.011,0.032,32,-0.082,-0.075,0.001,0.105,0.205,0.129
"Pendrith, Taylor",2,8,8,0,0,0,0,-0.043,47,-1.476,-1.006,-0.785,0.327,2.806,1.719,-0.081,59,-0.658,-0.300,-0.167,0.117,0.623,0.475,0.178,42,-1.733,-1.098,0.614,1.042,1.900,1.453,0.479,25,-0.850,-0.088,0.480,1.065,1.818,1.031,0.658,26,-1.026,-0.369,0.123,1.850,2.876,1.566,0.577,28,-1.359,-0.574,0.504,1.490,2.861,1.627,0.534,26,-1.760,-0.091,0.415,1.572,2.568,1.633,0.534,26,-1.760,-0.091,0.415,1.572,2.568,1.633,12.647,13,-6.709,3.596,7.040,19.914,41.037,18.585,-0.042,78,-0.306,-0.050,-0.009,0.068,0.088,0.159
"Clanton, Luke",3,12,8,0,1,1,1,0.214,40,-1.323,-0.591,0.333,0.913,1.682,1.178,0.003,52,-0.881,-0.197,0.026,0.338,0.720,0.625,0.598,20,-1.917,-0.444,1.242,1.907,2.059,1.648,-0.531,82,-3.105,-0.944,0.170,0.469,0.633,1.556,0.067,52,-3.452,-0.955,0.433,1.926,2.396,2.337,0.070,52,-3.404,-1.008,0.534,1.661,2.483,2.281,0.533,27,-4.024,-0.538,1.403,2.130,3.071,2.636,0.533,27,-4.024,-0.538,1.403,2.130,3.071,2.636,-8.630,95,-36.661,-10.510,-4.150,0.128,7.096,19.066,0.026,37,-0.219,-0.059,0.037,0.135,0.215,0.164
"Higgo, Garrick",2,6,6,0,0,0,1,0.383,29,-1.217,-0.560,0.987,1.109,1.422,1.217,-0.099,64,-1.533,-0.660,0.263,0.663,0.779,1.017,-0.535,77,-2.227,-1.632,-0.814,-0.028,1.874,1.708,0.705,13,-0.060,0.339,0.776,1.101,1.365,0.595,0.169,45,-2.064,-0.625,0.038,0.685,2.741,1.956,0.070,51,-2.039,-0.848,-0.391,0.241,3.216,2.207,0.453,28,-2.041,-1.243,-0.048,1.045,4.267,2.683,0.453,28,-2.041,-1.243,-0.048,1.045,4.267,2.683,9.459,17,-1.954,2.215,8.790,16.765,21.613,10.023,0.037,30,-0.076,-0.016,0.037,0.114,0.133,0.090
"Nakajima, Keita",2,6,6,0,0,0,1,0.708,16,-2.025,-1.742,-0.057,2.546,4.742,2.978,-0.388,86,-1.460,-0.772,-0.600,0.089,0.870,0.950,-0.053,55,-1.289,-0.231,-0.145,0.642,0.945,0.948,0.138,46,-0.469,-0.355,0.072,0.517,0.896,0.623,0.084,50,-1.754,-0.577,0.184,1.292,1.441,1.418,-0.303,59,-1.720,-1.041,0.075,0.515,0.618,1.052,0.405,29,-2.501,-1.595,-0.974,2.697,4.723,3.207,0.405,29,-2.501,-1.595,-0.974,2.697,4.723,3.207,-0.125,54,-9.270,-4.503,1.563,3.658,7.447,6.941,0.008,45,-0.156,-0.001,0.040,0.063,0.105,0.113
"Yu, Kevin",2,6,6,0,0,0,0,-0.065,49,-1.693,-1.074,-0.110,0.028,2.227,1.664,-0.714,103,-1.723,-1.378,-0.765,-0.353,0.555,0.942,0.415,25,-0.937,-0.294,0.285,0.491,2.341,1.386,0.769,11,-0.008,0.668,0.902,1.007,1.298,0.546,1.184,9,-0.892,0.480,1.082,1.778,3.451,1.760,0.469,30,-1.156,-0.265,0.628,0.959,2.073,1.311,0.405,30,-1.288,-0.751,-0.067,0.909,3.081,1.879,0.405,30,-1.288,-0.751,-0.067,0.909,3.081,1.879,7.191,24,0.871,2.259,5.774,8.840,17.355,7.061,-0.004,51,-0.145,-0.057,0.015,0.053,0.114,0.106
"Pavon, Matthieu",3,12,8,0,0,0,1,-0.368,62,-1.603,-0.728,-0.366,-0.043,0.876,0.913,0.169,36,-0.378,-0.054,0.186,0.413,0.679,0.398,0.739,18,-1.541,-0.023,0.863,1.455,2.875,1.661,0.245,39,-0.780,-0.184,0.051,0.834,1.371,0.822,0.983,16,-0.827,-0.001,0.738,2.470,2.631,1.463,1.152,13,-0.426,0.010,1.133,2.155,2.873,1.364,0.366,31,-1.676,-0.846,0.276,1.408,2.749,1.600,0.366,31,-1.676,-0.846,0.276,1.408,2.749,1.600,0.128,51,-12.791,-4.246,2.424,4.701,10.390,8.059,0.055,25,-0.081,-0.014,0.018,0.094,0.274,0.124
"Kirk, Chris",2,6,6,0,0,0,0,-1.241,102,-3.040,-1.827,-1.058,-0.503,0.242,1.334,0.743,5,-0.453,0.154,0.855,1.066,1.987,0.993,0.525,21,-1.167,-0.120,0.500,1.549,1.992,1.320,0.260,37,-0.877,-0.562,0.394,0.714,1.484,1.000,0.784,20,-0.691,0.236,1.074,1.418,1.863,1.065,1.528,6,0.651,0.894,1.144,2.311,2.752,0.951,0.286,32,-2.270,-0.397,0.958,1.498,1.706,1.757,0.286,32,-2.270,-0.397,0.958,1.498,1.706,1.757,-0.074,53,-3.060,-0.729,-0.564,1.762,2.696,2.440,0.060,22,-0.021,0.004,0.057,0.116,0.147,0.072
"Mouw, William",2,6,6,0,0,0,1,-0.746,85,-2.029,-1.416,-1.296,0.076,1.077,1.334,-0.023,55,-1.428,-0.094,0.361,0.408,0.693,0.942,0.333,30,-1.494,-0.192,0.698,1.244,1.477,1.275,0.674,15,-0.248,0.538,0.939,1.067,1.115,0.616,1.007,15,-0.904,0.755,1.371,1.708,2.195,1.330,0.984,16,-2.186,1.108,1.440,2.235,2.705,2.183,0.238,33,-3.470,0.086,0.379,1.267,3.197,2.755,0.238,33,-3.470,0.086,0.379,1.267,3.197,2.755,2.958,41,-18.902,-11.260,7.266,16.465,20.266,17.364,0.080,12,-0.136,-0.025,0.144,0.160,0.236,0.160
"Van Rooyen, Erik",3,10,8,0,0,0,2,0.794,14,-0.913,-0.058,0.775,1.360,2.830,1.428,0.835,4,-0.315,-0.065,1.010,1.436,2.034,0.950,-0.072,56,-2.159,-0.498,0.155,0.703,1.403,1.370,-0.398,72,-1.723,-1.312,-0.293,0.111,1.166,1.118,-0.470,68,-3.882,-1.409,-0.241,1.349,1.893,2.253,0.365,35,-2.820,-0.947,-0.041,2.385,3.400,2.428,0.187,34,-4.042,-1.401,0.526,2.507,3.136,2.864,0.187,34,-4.042,-1.401,0.526,2.507,3.136,2.864,0.430,50,-19.299,-3.193,2.495,5.365,16.241,12.519,0.001,49,-0.172,-0.065,0.001,0.049,0.180,0.130
"Bezuidenhout, Christiaan",3,10,6,0,0,1,1,-0.384,64,-2.473,-1.426,-0.465,0.285,2.049,1.854,0.051,46,-0.845,-0.546,0.171,0.596,0.842,0.733,0.762,16,-0.471,0.089,0.480,0.871,2.700,1.351,-0.692,89,-1.605,-1.221,-0.483,-0.129,-0.044,0.703,0.070,51,-1.374,-0.970,0.418,0.698,1.385,1.205,0.122,48,-1.808,-0.244,0.638,0.839,1.214,1.311,0.155,35,-1.731,-0.770,0.433,0.885,1.945,1.345,0.155,35,-1.731,-0.770,0.433,0.885,1.945,1.345,-13.119,107,-24.578,-16.919,-12.555,-7.898,-3.384,7.667,0.062,21,-0.084,-0.004,0.055,0.130,0.223,0.112
"Hoey, Rico",2,6,6,0,0,0,1,0.234,37,-2.095,-0.730,0.416,1.645,2.052,1.757,0.269,29,-0.748,-0.131,0.031,0.762,1.504,0.925,-0.773,93,-2.047,-1.805,-1.009,0.094,0.887,1.279,0.389,30,-1.350,0.445,0.776,1.066,1.189,1.185,-0.384,66,-1.614,-1.346,-0.540,-0.198,1.546,1.364,-0.114,55,-1.745,-1.373,0.017,1.014,1.450,1.426,0.120,36,-3.109,0.353,0.884,1.322,1.498,2.190,0.120,36,-3.109,0.353,0.884,1.322,1.498,2.190,0.509,48,-8.859,-1.216,0.902,2.622,9.162,7.283,0.084,10,-0.138,0.081,0.132,0.175,0.192,0.149
"Hubbard, Mark",2,8,4,0,0,0,0,-1.130,99,-2.563,-1.673,-0.985,-0.443,0.100,1.271,-0.233,78,-1.230,-0.469,-0.050,0.186,0.508,0.851,2.295,1,1.300,1.799,2.465,2.961,3.054,0.884,-0.246,65,-0.695,-0.661,-0.429,-0.014,0.460,0.592,2.050,3,1.760,1.785,2.035,2.300,2.360,0.321,1.817,4,1.088,1.624,1.985,2.179,2.310,0.610,0.109,37,-2.977,-1.069,0.415,1.731,2.480,2.154,0.109,37,-2.977,-1.069,0.415,1.731,2.480,2.154,-7.495,92,-17.596,-13.535,-7.321,-1.099,2.061,7.952,-0.034,72,-0.125,-0.085,-0.075,0.024,0.101,0.090
"Thompson, Davis",3,10,6,0,1,1,1,0.386,28,-2.087,-0.294,0.006,1.859,2.772,2.031,-0.127,68,-0.428,-0.411,-0.261,0.075,0.387,0.365,-0.342,68,-2.454,-0.965,-0.142,0.286,1.533,1.604,-0.679,88,-2.211,-1.259,-0.649,0.101,0.684,1.183,-1.021,82,-3.218,-2.493,-1.002,0.592,1.059,1.927,-1.148,87,-3.579,-2.573,-1.108,0.181,1.301,2.057,0.055,38,-3.431,-0.870,0.360,0.539,3.546,2.603,0.055,38,-3.431,-0.870,0.360,0.539,3.546,2.603,3.711,36,-7.081,-1.238,5.802,9.362,11.137,7.115,-0.002,50,-0.214,-0.115,0.010,0.054,0.249,0.164
"Schmid, Matti",3,8,4,0,1,1,1,-0.864,91,-2.135,-1.920,-1.083,-0.028,0.711,1.422,-0.453,90,-1.076,-1.062,-1.010,-0.401,0.949,1.161,-0.469,74,-1.704,-1.592,-0.631,0.493,0.993,1.395,0.756,12,0.198,0.486,0.683,0.953,1.414,0.582,0.287,40,-0.966,-0.948,0.152,1.387,1.728,1.453,-0.166,57,-1.590,-0.334,0.253,0.421,0.671,1.182,0.000,39,-2.030,-1.519,-0.701,1.411,3.006,2.073,0.000,39,-2.030,-1.519,-0.701,1.411,3.006,2.073,10.787,15,-6.939,1.522,8.367,23.201,28.649,14.341,-0.013,59,-0.200,-0.094,-0.038,0.091,0.184,0.147
"Rodgers, Patrick",1,4,4,0,0,0,0,-0.712,82,-2.330,-1.379,-0.382,0.285,0.443,1.392,0.139,42,-0.431,-0.401,0.076,0.616,0.797,0.650,0.241,36,0.092,0.142,0.224,0.324,0.415,0.156,0.269,36,-0.170,-0.166,-0.079,0.355,1.194,0.761,0.510,30,0.038,0.199,0.279,0.590,1.305,0.663,0.649,25,-0.143,-0.129,0.208,0.986,2.058,1.162,-0.063,40,-2.374,-1.011,-0.042,0.905,2.217,2.172,-0.063,40,-2.374,-1.011,-0.042,0.905,2.217,2.172,3.744,35,-6.798,-4.491,4.386,12.621,13.386,10.747,-0.034,71,-0.146,-0.058,-0.016,0.009,0.053,0.097
"Power, Seamus",3,8,6,0,0,0,1,1.580,4,-0.072,0.969,1.832,2.379,2.811,1.220,-0.009,54,-0.880,-0.535,0.036,0.494,0.826,0.717,-0.872,96,-2.290,-2.104,-0.993,0.072,0.880,1.460,-0.246,66,-0.734,-0.584,-0.285,0.051,0.312,0.462,-1.118,86,-2.923,-2.641,-1.186,-0.153,1.137,1.766,-1.127,84,-3.782,-2.957,-0.784,-0.050,1.631,2.283,-0.085,41,-3.541,-2.529,0.915,1.910,2.480,2.573,-0.085,41,-3.541,-2.529,0.915,1.910,2.480,2.573,-1.953,62,-11.305,-4.510,-1.789,2.484,5.431,6.486,-0.010,56,-0.120,-0.067,-0.016,0.006,0.146,0.101
"Parry, John",3,10,6,0,0,1,1,-1.358,106,-3.291,-2.534,-1.684,-0.033,0.854,1.764,0.508,12,-0.287,0.064,0.481,1.064,1.261,0.682,0.318,32,-0.575,-0.085,0.316,0.803,1.161,0.713,-0.182,64,-1.370,-0.691,0.252,0.413,0.443,0.842,0.137,47,-1.850,-0.544,0.378,1.178,1.601,1.445,0.645,26,-0.863,-0.048,0.620,1.241,2.247,1.255,-0.116,42,-2.649,-1.392,-0.830,1.248,3.403,2.261,-0.116,42,-2.649,-1.392,-0.830,1.248,3.403,2.261,-7.388,91,-15.043,-12.130,-7.826,-3.628,1.520,6.229,0.065,18,-0.070,-0.005,0.065,0.145,0.195,0.100
"James, Ben",1,4,4,0,0,0,0,-0.202,55,-2.232,-1.005,-0.351,0.452,2.036,2.040,-0.088,62,-0.734,-0.161,0.112,0.185,0.279,0.535,0.140,46,-2.228,-0.726,0.397,1.263,2.149,2.092,0.030,51,-2.071,-0.465,0.469,0.965,1.517,1.773,0.171,44,-4.300,-1.191,0.867,2.228,3.666,3.853,0.083,49,-5.023,-1.300,0.979,2.362,3.935,4.364,-0.119,43,-7.212,-2.091,0.628,2.599,5.928,6.304,-0.119,43,-7.212,-2.091,0.628,2.599,5.928,6.304,-1.725,60,-22.576,-13.771,0.313,12.359,16.274,19.294,0.145,3,-0.074,0.121,0.205,0.229,0.282,0.184
"Garnett, Brice",3,10,6,0,1,1,1,0.774,15,-0.844,-0.180,1.398,1.488,1.824,1.232,-0.498,92,-1.647,-0.863,-0.497,-0.230,0.714,0.954,0.130,48,-1.767,-0.857,0.351,1.352,1.611,1.462,-0.168,62,-1.590,-1.140,-0.120,0.787,1.211,1.211,-0.038,54,-3.044,-1.015,0.318,1.085,2.456,2.247,-0.536,67,-3.908,-1.554,0.225,0.957,1.631,2.371,-0.145,44,-4.347,-2.350,0.549,2.267,3.009,2.894,-0.145,44,-4.347,-2.350,0.549,2.267,3.009,2.894,-8.379,93,-17.077,-14.878,-11.804,0.372,2.361,8.268,0.069,15,-0.094,0.060,0.084,0.124,0.177,0.098
"Cole, Eric",3,8,6,0,0,0,0,1.009,9,-0.479,-0.054,0.446,1.760,3.363,1.644,-0.054,57,-0.989,-0.477,-0.049,0.235,0.964,0.805,-0.132,59,-3.964,-0.303,0.477,1.544,1.986,2.627,-0.703,90,-2.057,-0.890,-0.548,-0.059,0.164,0.968,-0.835,77,-5.078,-1.871,0.048,0.873,1.928,2.972,-0.890,76,-5.414,-1.414,0.488,0.977,1.133,3.007,-0.210,45,-5.087,-1.819,0.452,1.230,3.888,3.351,-0.210,45,-5.087,-1.819,0.452,1.230,3.888,3.351,-6.766,85,-17.534,-10.856,-8.205,-2.066,5.465,8.711,-0.135,105,-0.232,-0.215,-0.146,-0.065,-0.016,0.089
"Meissner, Mac",2,6,6,0,0,0,0,0.129,42,-1.125,-1.064,-0.474,0.561,2.594,1.683,0.357,21,-0.902,-0.289,0.148,1.156,1.756,1.112,0.109,50,-1.399,-0.743,-0.171,0.619,2.171,1.473,-0.808,93,-2.077,-0.841,-0.627,-0.265,-0.090,0.874,-0.699,75,-3.431,-1.395,-0.699,0.429,1.744,2.090,-0.343,61,-3.470,-1.779,-0.499,1.071,2.982,2.648,-0.214,46,-3.041,-2.029,-0.214,1.054,2.980,2.496,-0.214,46,-3.041,-2.029,-0.214,1.054,2.980,2.496,0.459,49,-5.291,-2.623,0.540,4.697,5.346,4.802,-0.190,110,-0.281,-0.219,-0.161,-0.151,-0.138,0.063
"Brown, Dan",2,6,6,0,0,0,0,-0.877,92,-3.129,-1.870,-1.065,-0.697,2.135,2.198,-0.864,107,-1.682,-1.378,-1.150,-0.306,0.259,0.834,1.562,2,-0.012,0.334,0.516,2.455,4.580,2.065,-0.035,53,-1.774,-0.594,0.351,0.655,1.168,1.231,1.528,7,-0.235,0.341,1.290,2.646,3.612,1.625,0.664,23,-1.396,-0.140,0.992,1.938,2.028,1.565,-0.214,46,-2.041,-1.243,-0.048,1.045,1.267,1.460,-0.214,46,-2.041,-1.243,-0.048,1.045,1.267,1.460,-9.191,97,-16.636,-13.666,-9.522,-3.391,-2.241,6.401,-0.023,66,-0.243,-0.059,0.028,0.060,0.107,0.150
"Hossler, Beau",3,10,6,0,0,0,0,0.467,24,-0.600,-0.436,0.216,0.828,2.188,1.204,-0.364,85,-2.588,-0.287,-0.242,0.606,1.018,1.585,0.047,52,-1.729,-1.174,0.049,1.093,1.936,1.630,-0.411,75,-1.415,-0.818,-0.279,0.092,0.374,0.753,-0.365,64,-1.482,-1.355,-0.796,0.658,1.235,1.244,-0.729,72,-3.826,-0.657,-0.303,0.500,1.005,2.138,-0.245,48,-4.347,-1.348,0.486,1.536,2.222,2.501,-0.245,48,-4.347,-1.348,0.486,1.536,2.222,2.501,-1.819,61,-13.233,-9.157,-2.012,4.787,10.339,8.889,0.027,36,-0.081,-0.045,0.004,0.078,0.175,0.095
"Blanchet, Chandler",3,10,6,0,1,1,1,-0.623,74,-2.111,-0.513,-0.428,-0.243,0.312,1.056,-0.502,93,-1.243,-0.989,-0.697,-0.287,0.647,0.797,-0.578,80,-3.062,-1.526,-0.457,0.313,1.802,1.996,-0.059,56,-2.055,-0.164,0.262,0.856,1.023,1.373,-0.637,72,-5.057,-1.254,-0.049,0.986,2.426,3.105,-1.139,86,-5.686,-1.682,-1.008,0.007,2.852,3.472,-0.245,48,-6.126,-3.405,-0.098,2.539,5.325,4.308,-0.245,48,-6.126,-3.405,-0.098,2.539,5.325,4.308,-2.789,66,-15.514,-10.492,-5.083,0.881,16.050,11.483,0.105,8,-0.061,0.051,0.133,0.150,0.246,0.111
"McGreevy, Max",2,6,6,0,0,0,0,-0.704,81,-2.611,-2.349,-0.860,0.323,1.798,1.972,-0.060,58,-0.269,-0.154,-0.090,0.029,0.190,0.187,0.478,23,-0.087,0.103,0.167,0.644,1.543,0.716,0.024,52,-0.827,-0.117,-0.027,0.046,1.012,0.763,0.501,31,-0.762,-0.171,0.122,1.425,2.039,1.205,0.442,33,-0.876,-0.361,0.158,1.447,1.954,1.229,-0.262,50,-2.831,-1.964,-0.067,1.410,2.099,2.132,-0.262,50,-2.831,-1.964,-0.067,1.410,2.099,2.132,-10.009,100,-18.318,-15.341,-13.448,-5.114,2.604,8.976,0.056,23,-0.074,-0.003,0.035,0.116,0.209,0.116
"Thorbjornsen, Michael",2,6,6,0,0,0,0,-0.439,66,-2.125,-1.059,-0.241,0.345,0.906,1.247,-0.159,70,-1.302,-1.039,-0.362,0.774,1.184,1.132,-0.121,57,-3.077,-0.466,0.396,1.266,1.539,2.025,0.457,28,-2.386,0.540,1.078,1.508,1.822,1.917,0.336,38,-2.454,-1.406,0.424,2.046,3.046,2.340,0.177,46,-2.710,-1.395,0.062,1.547,3.333,2.484,-0.262,51,-4.581,-1.664,-0.140,1.447,3.709,3.351,-0.262,51,-4.581,-1.664,-0.140,1.447,3.709,3.351,4.908,30,-15.513,-6.668,8.174,14.111,23.101,16.151,0.032,33,-0.116,-0.006,0.028,0.113,0.156,0.113
"Neergaard-Petersen, Rasmus",3,12,8,0,0,0,1,0.603,20,-1.178,-0.271,0.905,1.126,2.358,1.360,-0.396,87,-1.008,-0.627,-0.382,-0.023,0.061,0.433,0.329,31,-0.873,-0.129,0.246,0.576,1.883,1.055,0.373,31,-0.594,0.035,0.410,0.858,1.148,0.685,0.701,23,-0.847,-0.214,0.766,1.348,2.401,1.239,0.305,39,-1.691,-0.421,0.429,1.335,1.907,1.411,-0.300,52,-4.662,-0.827,0.051,1.169,2.426,2.400,-0.300,52,-4.662,-0.827,0.051,1.169,2.426,2.400,2.028,44,-11.251,-3.414,0.950,8.523,16.046,9.616,-0.046,79,-0.182,-0.094,-0.039,-0.009,0.103,0.096
"Svensson, Adam",3,12,8,0,0,0,0,0.229,38,-0.376,-0.023,0.153,0.304,1.101,0.560,0.169,35,-1.075,-0.622,-0.091,0.443,2.174,1.253,-0.421,72,-2.415,-0.899,-0.371,0.309,1.224,1.409,-0.443,76,-1.863,-0.904,-0.435,0.048,0.936,1.032,-0.864,78,-2.729,-1.466,-1.348,-0.651,1.883,1.752,-0.695,69,-3.000,-2.151,-0.834,0.435,2.068,1.990,-0.300,53,-2.331,-1.608,-0.701,0.712,2.295,1.727,-0.300,53,-2.331,-1.608,-0.701,0.712,2.295,1.727,-11.822,103,-32.820,-14.982,-9.969,-5.616,2.625,11.810,0.091,9,-0.059,-0.000,0.066,0.149,0.305,0.127
"Lipsky, David",2,6,2,0,0,0,0,-0.378,63,-0.646,-0.527,-0.378,-0.230,-0.111,0.420,0.189,34,-0.348,-0.109,0.189,0.487,0.725,0.843,0.921,9,-1.080,-0.191,0.921,2.032,2.921,3.143,-1.245,104,-2.195,-1.773,-1.245,-0.717,-0.295,1.493,-0.324,63,-1.375,-0.908,-0.324,0.259,0.726,1.650,-0.136,56,-0.650,-0.421,-0.136,0.150,0.378,0.808,-0.317,54,-1.692,-0.705,-0.347,0.331,0.921,1.062,-0.317,54,-1.692,-0.705,-0.347,0.331,0.921,1.062,-6.609,82,-16.541,-12.138,-4.542,-1.424,1.140,7.606,0.048,27,-0.049,0.005,0.064,0.073,0.137,0.076
"Kohles, Ben",3,10,6,0,0,0,0,-0.800,88,-2.890,-1.623,-0.734,-0.306,1.431,1.739,-0.213,77,-1.140,-0.660,-0.118,-0.044,0.789,0.791,0.432,24,-0.767,-0.146,0.351,1.188,1.610,1.000,0.318,33,-0.256,-0.013,0.379,0.579,0.868,0.466,0.751,22,-0.865,0.422,1.017,1.507,1.771,1.129,0.538,29,-1.194,-0.257,0.920,1.503,1.712,1.278,-0.345,55,-3.668,-1.859,-0.847,1.170,3.303,2.550,-0.345,55,-3.668,-1.859,-0.847,1.170,3.303,2.550,-10.749,102,-28.141,-23.810,-12.187,1.019,9.714,14.892,0.084,11,-0.079,0.032,0.105,0.141,0.205,0.102
"Fisk, Steven",2,6,6,0,0,0,1,0.098,43,-1.989,-0.838,-0.222,1.393,2.320,1.796,-0.004,53,-0.695,-0.232,0.097,0.283,0.528,0.502,-0.692,89,-1.567,-1.048,-0.874,-0.356,0.410,0.806,0.218,41,-1.390,-0.727,-0.029,1.245,2.058,1.447,-0.474,69,-2.185,-0.884,-0.590,0.442,1.034,1.331,-0.479,66,-2.352,-0.554,-0.363,0.144,0.895,1.352,-0.380,56,-4.127,-0.770,-0.678,1.007,3.048,2.937,-0.380,56,-4.127,-0.770,-0.678,1.007,3.048,2.937,12.909,12,3.459,6.684,13.240,19.715,21.587,7.984,0.049,26,-0.124,-0.060,0.091,0.134,0.187,0.136
"Shipley, Neal",3,10,8,0,0,0,0,0.567,23,-1.603,-0.377,0.989,1.631,2.117,1.487,-0.590,97,-1.259,-0.845,-0.453,-0.367,-0.066,0.464,-0.689,88,-3.875,-1.920,-0.437,1.091,1.761,2.228,0.870,9,0.191,0.639,0.939,1.122,1.435,0.468,0.181,43,-2.440,-1.509,0.251,2.087,2.543,2.057,-0.409,63,-3.508,-1.980,0.104,1.553,1.707,2.161,-0.413,57,-4.051,-1.955,-0.342,1.017,2.991,2.529,-0.413,57,-4.051,-1.955,-0.342,1.017,2.991,2.529,4.630,34,-4.886,-0.890,4.362,9.568,15.516,7.547,0.108,6,-0.003,0.050,0.072,0.190,0.237,0.093
"Wu, Dylan",3,10,6,0,0,0,0,-0.340,61,-2.055,-0.536,-0.397,0.384,1.090,1.297,-0.183,74,-1.273,-0.393,-0.100,0.160,0.719,0.812,0.890,11,-1.897,0.531,1.701,2.013,2.224,1.858,-0.629,85,-2.371,-1.191,-0.128,0.279,0.298,1.214,0.261,41,-1.990,-0.884,0.164,1.693,2.435,1.861,0.078,50,-2.529,-1.466,0.127,1.669,2.596,2.157,-0.445,58,-2.247,-1.483,-0.560,0.836,1.442,1.428,-0.445,58,-2.247,-1.483,-0.560,0.836,1.442,1.428,-7.219,89,-14.675,-10.857,-6.978,-3.859,-0.095,5.333,0.012,44,-0.114,-0.020,0.006,0.019,0.176,0.107
"Streelman, Kevin",2,6,2,0,0,1,1,-0.428,65,-1.294,-0.909,-0.428,0.053,0.438,1.361,-0.586,96,-1.696,-1.203,-0.586,0.032,0.525,1.746,-1.912,104,-3.252,-2.656,-1.912,-1.167,-0.572,2.106,-0.123,60,-0.940,-0.577,-0.123,0.331,0.694,1.284,-2.035,102,-4.192,-3.233,-2.035,-0.836,0.122,3.389,-2.620,106,-5.888,-4.436,-2.620,-0.805,0.647,5.135,-0.495,59,-6.217,-1.458,0.776,1.545,3.027,3.946,-0.495,59,-6.217,-1.458,0.776,1.545,3.027,3.946,-6.248,80,-17.748,-14.153,-10.029,0.090,10.709,12.088,0.031,34,-0.158,-0.117,-0.006,0.125,0.298,0.197
"Fishburn, Patrick",3,10,8,0,0,0,0,0.577,21,-2.342,-1.136,0.698,1.838,3.837,2.418,0.220,33,-1.511,-0.564,0.504,0.940,1.666,1.224,-0.299,63,-1.310,-0.887,-0.256,0.053,0.878,0.829,0.036,50,-1.243,-0.729,0.145,0.690,1.284,0.991,-0.263,61,-2.193,-0.926,-0.548,0.194,2.161,1.612,-0.043,54,-1.804,-1.463,-0.796,0.191,3.667,2.221,-0.513,60,-4.842,-3.270,0.051,1.959,3.669,3.292,-0.513,60,-4.842,-3.270,0.051,1.959,3.669,3.292,2.530,43,-7.596,-3.519,-0.302,7.199,16.373,8.847,-0.121,103,-0.257,-0.162,-0.128,-0.081,0.021,0.097
"Whaley, Vince",3,10,6,0,0,0,0,0.334,32,-0.824,-0.141,0.669,0.911,1.033,0.821,0.038,48,-1.096,-0.491,0.055,0.408,1.257,0.951,-1.007,101,-2.138,-2.087,-1.608,-0.031,0.892,1.399,-0.293,68,-0.998,-0.688,-0.129,0.038,0.262,0.541,-1.301,90,-2.214,-1.984,-1.494,-0.836,-0.015,0.933,-1.263,90,-3.085,-1.745,-1.050,-0.445,0.088,1.344,-0.545,61,-3.301,-1.841,-0.593,0.999,2.084,2.027,-0.545,61,-3.301,-1.841,-0.593,0.999,2.084,2.027,-4.539,75,-14.732,-7.985,-2.424,-0.636,2.215,6.329,-0.066,90,-0.218,-0.136,-0.087,-0.002,0.109,0.120
"Li, Haotong",2,6,6,0,0,0,0,-1.063,96,-2.569,-1.680,-1.078,-0.259,0.336,1.190,-0.576,95,-2.445,-0.523,-0.160,0.116,0.312,1.265,0.838,13,-1.676,0.555,0.758,1.515,3.180,1.977,0.206,43,-1.077,-0.491,0.411,0.956,1.214,0.987,1.043,13,-2.656,0.350,0.973,2.381,4.394,2.852,0.468,31,-4.915,0.385,0.814,1.938,4.520,3.950,-0.595,62,-7.483,-1.081,0.201,0.999,4.623,4.997,-0.595,62,-7.483,-1.081,0.201,0.999,4.623,4.997,0.958,46,-12.396,-2.614,1.066,6.859,12.634,10.311,-0.004,52,-0.092,-0.072,-0.029,0.043,0.129,0.095
"Malnati, Peter",3,10,6,0,0,0,1,0.850,12,0.088,0.352,0.582,0.630,2.405,1.075,0.369,20,-0.421,-0.121,0.286,0.628,1.409,0.758,-0.679,87,-3.898,-1.178,0.071,0.906,0.942,2.217,-1.587,107,-4.510,-2.067,-0.787,-0.465,-0.026,1.966,-2.266,106,-7.963,-1.909,-1.108,-0.117,0.409,3.884,-1.897,98,-7.594,-0.891,-0.630,-0.382,0.639,3.940,-0.616,63,-5.737,-0.942,-0.178,1.298,2.324,3.320,-0.616,63,-5.737,-0.942,-0.178,1.298,2.324,3.320,-5.758,79,-17.871,-13.599,-9.471,3.114,9.779,10.911,-0.121,102,-0.319,-0.187,-0.094,-0.084,0.075,0.138
"McCarthy, Denny",1,4,4,0,0,0,0,-0.832,89,-2.474,-1.771,-0.669,0.270,0.580,1.515,-0.083,60,-0.905,-0.605,-0.014,0.508,0.642,0.780,0.750,17,-0.716,0.575,1.173,1.348,1.625,1.219,-0.454,77,-1.030,-0.819,-0.373,-0.007,0.008,0.543,0.296,39,-1.728,-0.155,0.800,1.251,1.615,1.685,0.213,45,-1.301,-0.721,0.070,1.004,1.927,1.547,-0.619,64,-1.781,-1.080,-0.640,-0.179,0.572,1.116,-0.619,64,-1.781,-1.080,-0.640,-0.179,0.572,1.116,-6.975,87,-15.549,-8.652,-4.512,-2.835,-1.849,7.077,-0.033,69,-0.121,-0.072,-0.029,0.009,0.050,0.081
"Tosti, Alejandro",3,8,6,0,0,0,0,-0.752,86,-1.518,-1.390,-0.781,-0.181,0.095,0.727,0.314,25,-0.704,-0.489,0.214,1.018,1.514,0.961,-0.951,97,-1.779,-1.453,-0.747,-0.483,-0.340,0.642,1.294,1,0.448,1.205,1.438,1.497,1.894,0.601,0.342,37,-0.265,-0.052,0.184,0.822,1.077,0.589,0.656,24,-0.893,-0.388,0.246,1.884,2.561,1.511,-0.622,65,-2.931,-1.720,-1.201,0.947,1.966,1.932,-0.622,65,-2.931,-1.720,-1.201,0.947,1.966,1.932,13.871,10,-3.538,8.990,18.577,20.809,23.737,10.920,-0.022,64,-0.155,-0.150,-0.047,0.053,0.185,0.139
"Jaeger, Stephan",2,6,6,0,0,1,1,0.014,46,-2.023,-0.816,0.220,0.940,1.744,1.543,0.463,16,0.039,0.192,0.207,0.502,1.341,0.586,-0.365,70,-3.662,-2.673,0.664,1.562,1.986,2.624,-0.825,95,-3.051,-2.270,-0.748,-0.059,1.761,2.006,-1.190,87,-6.314,-4.375,-0.485,1.816,3.229,4.205,-0.727,71,-5.811,-4.163,-0.395,3.004,3.774,4.310,-0.714,66,-6.627,-3.770,-0.585,3.155,4.507,4.749,-0.714,66,-6.627,-3.770,-0.585,3.155,4.507,4.749,7.709,21,-13.916,-4.016,11.328,19.359,25.164,16.653,-0.190,111,-0.304,-0.278,-0.224,-0.209,0.037,0.156
"Dumont De Chassart, Adrien",3,8,4,0,0,0,0,-0.535,69,-1.741,-0.998,-0.349,0.114,0.410,1.045,0.494,15,-0.918,0.061,0.864,1.296,1.387,1.179,-0.594,81,-1.240,-0.836,-0.590,-0.348,0.046,0.610,-0.895,97,-1.919,-1.449,-1.166,-0.613,0.508,1.197,-1.489,92,-2.688,-2.622,-1.765,-0.632,0.095,1.429,-0.996,79,-2.121,-2.105,-1.772,-0.662,1.217,1.816,-0.750,67,-2.680,-1.850,-0.955,0.084,1.673,1.675,-0.750,67,-2.680,-1.850,-0.955,0.084,1.673,1.675,7.712,20,-0.819,0.163,7.472,13.826,17.697,7.774,-0.058,87,-0.192,-0.151,-0.084,0.032,0.111,0.121
"Saddier, Adrien",2,6,4,0,0,0,0,-0.099,51,-0.511,-0.281,-0.140,0.042,0.369,0.421,-0.105,66,-0.680,-0.500,-0.240,0.155,0.657,0.653,0.140,47,-2.247,-1.083,0.512,1.736,2.007,2.134,0.251,38,-0.725,0.171,0.624,0.704,0.705,0.804,0.391,33,-1.542,-0.380,0.615,1.385,2.011,1.705,0.286,41,-1.697,-0.937,0.561,1.783,1.883,1.852,-0.776,68,-3.205,-2.328,-1.330,0.989,2.158,2.308,-0.776,68,-3.205,-2.328,-1.330,0.989,2.158,2.308,0.516,47,-18.540,2.159,4.364,7.484,9.342,12.963,-0.060,88,-0.232,-0.182,-0.051,0.040,0.116,0.149
"Eckroat, Austin",3,12,8,0,0,0,0,0.349,31,-1.910,-0.078,0.827,1.040,1.785,1.436,-0.630,99,-3.172,-1.056,-0.296,-0.184,1.531,1.763,-0.625,84,-3.568,-2.010,-1.330,1.461,2.604,2.469,-0.061,57,-0.899,-0.605,-0.128,0.304,1.017,0.735,-0.686,74,-4.220,-2.779,-1.004,1.384,3.314,2.941,-1.316,92,-6.720,-3.645,-1.996,2.625,3.445,4.137,-0.800,69,-6.622,-2.174,-0.701,1.831,3.448,3.884,-0.800,69,-6.622,-2.174,-0.701,1.831,3.448,3.884,-7.063,88,-28.057,-6.644,-4.526,-1.935,2.519,10.443,-0.052,85,-0.246,-0.107,-0.041,0.027,0.098,0.120
"Hirata, Kensei",3,10,8,0,0,0,1,-0.736,84,-2.599,-0.939,-0.427,0.044,0.213,1.147,0.570,10,-0.565,-0.267,0.661,1.008,1.961,0.993,-0.022,53,-1.563,-1.039,0.017,1.018,1.467,1.247,-0.154,61,-1.183,-0.874,-0.096,0.223,1.103,0.883,-0.175,58,-2.601,-1.485,-0.238,1.293,2.189,1.881,0.395,34,-3.166,-1.289,0.319,2.360,3.813,2.753,-0.813,70,-5.781,-2.298,-1.115,1.584,3.543,3.353,-0.813,70,-5.781,-2.298,-1.115,1.584,3.543,3.353,-7.370,90,-22.395,-18.230,-6.829,0.403,9.979,12.407,0.072,13,-0.103,0.060,0.064,0.079,0.256,0.136
"Taylor, Nick",1,4,4,0,0,0,0,0.050,44,-2.278,-2.031,-0.105,1.977,2.596,2.562,0.351,23,-0.052,0.050,0.237,0.537,0.913,0.477,-0.785,95,-5.224,-1.534,0.681,1.430,1.603,3.646,-0.486,79,-0.620,-0.542,-0.472,-0.415,-0.371,0.120,-1.270,89,-5.723,-1.986,0.145,0.861,1.201,3.661,-0.920,77,-5.655,-2.021,0.296,1.398,2.114,3.934,-0.869,71,-7.404,-3.053,-0.014,2.170,4.469,5.702,-0.869,71,-7.404,-3.053,-0.014,2.170,4.469,5.702,-0.725,55,-6.552,-6.355,-1.010,4.621,5.502,6.625,0.020,39,-0.008,0.004,0.015,0.031,0.057,0.032
"Kanaya, Takumi",3,8,6,0,0,0,0,0.665,18,-2.051,-0.672,1.431,1.807,2.618,2.013,0.158,38,-0.566,-0.172,0.138,0.235,1.076,0.678,-0.675,86,-1.357,-0.857,-0.678,-0.370,-0.072,0.523,-0.410,74,-1.693,-0.598,-0.231,0.213,0.373,0.892,-1.086,84,-2.659,-1.727,-0.858,-0.182,0.047,1.166,-0.927,78,-1.996,-1.438,-0.817,-0.432,0.023,0.836,-0.872,72,-5.424,-2.345,0.360,0.599,2.244,2.982,-0.872,72,-5.424,-2.345,0.360,0.599,2.244,2.982,-9.166,96,-21.975,-16.648,-10.542,-1.251,5.099,10.567,-0.004,53,-0.171,-0.056,-0.011,0.023,0.192,0.137
"Brennan, Michael",3,8,4,0,0,0,0,-0.590,73,-3.021,-2.148,-0.680,0.879,1.967,2.414,-0.091,63,-0.712,-0.623,-0.246,0.286,0.747,0.730,-1.609,103,-4.318,-2.542,-0.993,-0.060,0.239,2.288,0.509,23,0.043,0.203,0.463,0.768,1.038,0.480,-1.100,85,-4.217,-2.050,-0.281,0.668,0.871,2.602,-1.191,89,-4.248,-2.576,-0.941,0.444,1.516,2.757,-0.875,73,-3.615,-1.955,-0.724,0.400,1.517,1.993,-0.875,73,-3.615,-1.955,-0.724,0.400,1.517,1.993,18.199,6,8.694,14.304,18.017,20.902,28.782,7.438,-0.013,60,-0.187,-0.146,0.004,0.067,0.185,0.147
"Chatfield, Davis",3,8,4,0,0,0,0,-0.246,57,-1.486,-0.740,-0.235,0.259,0.980,1.167,-0.171,72,-0.598,-0.290,-0.121,-0.002,0.185,0.376,0.350,28,-0.573,-0.098,0.262,0.709,1.396,0.937,-1.214,103,-1.601,-1.495,-1.229,-0.947,-0.805,0.395,-0.864,79,-2.174,-1.593,-0.849,-0.120,0.425,1.245,-1.035,81,-2.344,-2.120,-1.071,0.014,0.323,1.384,-0.875,74,-2.294,-1.839,-1.359,0.405,0.876,1.328,-0.875,74,-2.294,-1.839,-1.359,0.405,0.876,1.328,-17.338,109,-28.482,-25.407,-20.652,-11.012,-0.571,11.070,0.067,16,-0.057,0.003,0.045,0.121,0.231,0.112
"Olesen, Thorbjorn",2,6,6,0,0,0,0,-0.461,68,-2.606,-1.538,0.013,0.487,1.216,1.617,0.082,45,-0.520,-0.257,-0.010,0.215,0.927,0.599,-0.710,90,-2.192,-0.993,-0.750,-0.157,0.640,1.146,0.209,42,-0.331,-0.021,0.224,0.416,0.746,0.447,-0.501,70,-2.423,-0.661,-0.315,0.026,0.958,1.412,-0.419,64,-2.655,-0.553,-0.192,0.514,1.019,1.572,-0.880,75,-2.770,-2.696,-1.542,0.459,2.099,2.223,-0.880,75,-2.770,-2.696,-1.542,0.459,2.099,2.223,-4.057,71,-15.362,-11.566,-6.810,4.897,9.496,10.861,-0.011,58,-0.090,-0.064,-0.001,0.037,0.060,0.065
"Kang, Jeffrey",2,6,4,0,0,0,0,-0.894,93,-2.209,-1.089,-0.618,-0.423,0.034,1.123,0.051,47,-2.034,-0.308,0.682,1.040,1.251,1.717,-0.024,54,-0.627,-0.210,-0.014,0.172,0.564,0.569,0.554,19,0.274,0.316,0.443,0.681,0.991,0.364,0.530,28,-0.305,0.071,0.394,0.854,1.555,0.893,0.581,27,-2.288,0.014,1.076,1.643,2.755,2.476,-0.943,76,-3.270,-2.272,-0.294,0.498,0.554,1.767,-0.943,76,-3.270,-2.272,-0.294,0.498,0.554,1.767,-6.467,81,-18.907,-11.658,-2.748,-1.776,1.966,8.966,-0.025,67,-0.195,-0.090,-0.075,0.071,0.185,0.158
"Riley, Davis",3,8,4,0,0,0,0,0.877,11,-0.064,0.129,0.677,1.425,2.098,1.068,-0.510,94,-0.985,-0.978,-0.518,-0.050,-0.023,0.544,-2.059,106,-4.336,-3.154,-2.132,-1.038,0.320,2.204,0.161,45,-0.587,0.013,0.321,0.469,0.686,0.632,-1.898,101,-4.905,-3.054,-1.573,-0.417,0.654,2.659,-2.408,103,-4.928,-3.104,-2.097,-1.401,-0.323,2.215,-1.000,77,-3.624,-2.461,-1.794,1.141,1.979,2.297,-1.000,77,-3.624,-2.461,-1.794,1.141,1.979,2.297,3.349,39,-8.045,-0.463,3.511,8.389,13.113,8.106,0.005,46,-0.182,-0.084,-0.013,0.057,0.254,0.170
"Dou, Zecheng",3,8,4,0,0,0,0,-0.698,80,-2.029,-1.795,-1.190,-0.093,1.321,1.689,-0.429,89,-0.994,-0.730,-0.518,-0.218,0.260,0.602,-0.412,71,-1.947,-0.628,0.097,0.312,0.409,1.261,0.509,22,-1.372,-0.392,0.411,1.313,2.528,1.848,0.097,48,-1.661,-1.526,-0.591,1.032,2.818,2.290,-0.332,60,-1.974,-1.509,-1.044,0.133,2.305,2.188,-1.000,78,-3.330,-2.115,-1.455,0.459,1.601,1.914,-1.000,78,-3.330,-2.115,-1.455,0.459,1.601,1.914,4.849,31,-0.751,2.418,4.909,6.240,11.419,4.540,-0.049,81,-0.254,-0.102,-0.071,0.027,0.166,0.156
"Conners, Corey",1,2,2,0,0,0,0,-1.336,105,-2.268,-1.854,-1.336,-0.819,-0.405,1.463,0.400,19,-0.036,0.158,0.400,0.642,0.835,0.684,-0.545,78,-1.042,-0.821,-0.545,-0.269,-0.048,0.781,0.467,27,-0.136,0.132,0.467,0.803,1.071,0.949,-0.077,56,-1.178,-0.689,-0.077,0.534,1.023,1.730,0.322,38,-0.343,-0.047,0.322,0.692,0.988,1.045,-1.014,79,-2.610,-1.901,-1.014,-0.127,0.583,2.509,-1.014,79,-2.610,-1.901,-1.014,-0.127,0.583,2.509,-0.010,52,-11.947,-6.641,-0.010,6.622,11.927,18.757,0.070,14,0.061,0.065,0.070,0.076,0.080,0.015
"Vilips, Karl",2,4,4,0,0,0,0,0.350,30,-0.312,-0.238,0.261,0.850,1.138,0.743,0.662,6,0.163,0.290,0.404,0.776,1.523,0.712,-1.005,100,-2.626,-1.622,-0.638,-0.021,0.102,1.379,-1.038,101,-2.244,-1.771,-1.163,-0.431,0.343,1.238,-2.043,103,-2.420,-2.364,-2.149,-1.828,-1.519,0.451,-1.381,93,-1.993,-1.977,-1.640,-1.045,-0.407,0.820,-1.031,80,-1.581,-1.340,-1.014,-0.705,-0.505,0.518,-1.031,80,-1.581,-1.340,-1.014,-0.705,-0.505,0.518,3.007,40,-6.291,-0.966,4.490,8.463,10.228,8.104,-0.080,94,-0.197,-0.164,-0.088,-0.004,0.047,0.120
"Smith, Jordan",2,6,6,0,0,0,0,-0.580,71,-1.111,-0.941,-0.798,-0.449,0.359,0.639,-0.162,71,-1.728,-0.495,0.039,0.358,1.046,1.148,-0.195,62,-2.057,-1.628,-0.533,1.386,1.964,1.820,-0.111,59,-0.773,-0.517,-0.202,0.209,0.715,0.623,-0.306,62,-1.906,-1.637,-0.270,0.969,1.291,1.462,-0.467,65,-1.739,-1.326,-0.559,0.444,0.876,1.132,-1.047,81,-2.596,-2.127,-1.615,0.048,1.155,1.627,-1.047,81,-2.596,-2.127,-1.615,0.048,1.155,1.627,-3.357,69,-12.391,-6.606,-2.702,-0.048,4.872,6.949,0.001,48,-0.137,-0.093,-0.011,0.076,0.165,0.131
"Ventura, Kristoffer",3,6,4,0,0,0,0,0.412,26,-2.248,-0.562,0.392,1.365,3.101,2.541,0.289,27,-0.705,0.022,0.422,0.689,1.096,0.869,-2.029,105,-3.470,-2.365,-1.885,-1.549,-0.790,1.295,0.298,34,-0.741,-0.317,0.234,0.849,1.426,1.036,-1.732,98,-3.521,-2.058,-1.372,-1.046,-0.445,1.525,-1.443,95,-4.204,-1.922,-0.950,-0.471,0.628,2.387,-1.088,82,-3.217,-1.770,-1.014,-0.538,1.045,1.715,-1.088,82,-3.217,-1.770,-1.014,-0.538,1.045,1.715,4.658,33,-15.313,-3.869,3.740,17.015,23.147,16.156,-0.020,63,-0.093,-0.078,-0.035,0.041,0.069,0.073
"Lebioda, Hank",3,10,6,0,0,0,0,-0.777,87,-3.454,-1.767,-0.408,0.746,1.114,1.981,0.148,40,-0.899,-0.593,0.003,0.446,1.660,1.078,0.076,51,-1.004,-0.145,-0.076,0.655,1.094,0.872,-0.494,80,-1.590,-0.893,-0.481,0.096,0.459,0.851,-0.418,67,-1.788,-1.403,-0.492,0.344,1.187,1.285,-0.270,58,-2.458,-1.132,-0.169,0.594,1.799,1.728,-1.116,83,-3.868,-2.279,-1.347,-0.461,2.322,2.185,-1.116,83,-3.868,-2.279,-1.347,-0.461,2.322,2.185,-1.508,59,-12.665,-7.713,-0.252,2.231,10.313,8.496,-0.078,93,-0.259,-0.158,-0.054,-0.008,0.076,0.124
"Nyholm, Pontus",3,8,4,0,0,0,1,-0.271,60,-1.914,-0.676,-0.075,0.330,1.097,1.453,-0.681,102,-1.960,-1.080,-0.610,-0.212,0.498,1.172,-0.161,61,-1.820,-0.922,-0.056,0.706,1.352,1.512,-1.918,110,-3.320,-2.524,-1.851,-1.245,-0.611,1.285,-2.079,104,-5.038,-2.934,-1.906,-1.051,0.639,2.715,-2.760,107,-6.968,-3.860,-1.822,-0.722,0.135,3.530,-1.250,84,-5.872,-2.306,-0.440,0.660,1.687,2.964,-1.250,84,-5.872,-2.306,-0.440,0.660,1.687,2.964,11.199,14,2.151,6.952,11.166,14.139,21.145,7.131,-0.147,107,-0.298,-0.243,-0.173,-0.102,0.084,0.148
"Hodges, Lee",2,4,4,0,0,0,0,-0.440,67,-1.200,-0.963,-0.479,0.043,0.374,0.769,-0.652,101,-1.237,-1.229,-0.727,-0.151,0.038,0.682,0.386,26,-1.309,-0.299,0.181,0.866,2.370,1.775,-0.575,84,-1.148,-0.798,-0.464,-0.240,-0.157,0.491,-0.188,59,-1.593,-1.172,-0.574,0.409,1.757,1.647,-0.840,75,-2.622,-1.415,-0.646,-0.072,0.669,1.574,-1.281,85,-3.466,-2.178,-1.048,-0.151,0.578,1.938,-1.281,85,-3.466,-2.178,-1.048,-0.151,0.578,1.938,-12.568,104,-18.521,-16.916,-12.010,-7.662,-7.397,5.897,0.045,28,-0.005,0.005,0.035,0.074,0.109,0.057
"Wallace, Matt",2,4,2,0,0,0,0,-1.385,107,-2.423,-1.962,-1.385,-0.809,-0.347,1.631,-0.335,83,-0.686,-0.530,-0.335,-0.139,0.017,0.552,0.782,14,-0.155,0.261,0.782,1.303,1.720,1.473,0.424,29,-0.405,-0.037,0.424,0.885,1.253,1.303,1.206,8,-0.561,0.224,1.206,2.188,2.973,2.777,0.871,18,-0.544,0.085,0.871,1.658,2.287,2.224,-1.357,86,-3.122,-2.651,-2.201,-0.907,1.588,2.438,-1.357,86,-3.122,-2.651,-2.201,-0.907,1.588,2.438,-6.650,83,-10.673,-10.017,-8.258,-4.891,-0.376,5.226,-0.039,76,-0.198,-0.170,-0.042,0.088,0.123,0.167
"Wise, Aaron",2,4,2,0,0,0,0,-0.070,50,-1.250,-0.726,-0.070,0.586,1.111,1.855,0.228,32,-0.408,-0.126,0.228,0.581,0.864,1.000,-0.130,58,-0.264,-0.205,-0.130,-0.056,0.003,0.210,-1.576,106,-2.070,-1.851,-1.576,-1.301,-1.081,0.777,-1.706,96,-2.334,-2.055,-1.706,-1.357,-1.078,0.987,-1.478,96,-2.743,-2.181,-1.478,-0.776,-0.214,1.987,-1.374,87,-3.183,-2.095,-1.548,-0.828,0.678,1.853,-1.374,87,-3.183,-2.095,-1.548,-0.828,0.678,1.853,-3.208,68,-17.668,-9.453,-1.683,4.562,9.117,12.864,-0.118,99,-0.309,-0.303,-0.190,-0.005,0.172,0.247
"Hughes, Mackenzie",2,6,6,0,0,0,0,-0.198,54,-1.640,-1.229,-0.016,0.605,1.182,1.226,0.532,11,-0.593,0.155,0.431,1.201,1.580,0.903,-0.782,94,-2.317,-1.394,-1.194,-0.199,1.252,1.466,-0.931,98,-2.664,-2.155,-0.902,0.323,0.746,1.503,-1.714,97,-4.014,-3.297,-2.234,-0.814,1.649,2.374,-1.182,88,-3.543,-1.857,-1.385,-1.046,1.776,2.199,-1.380,88,-3.392,-3.109,-2.085,-0.955,2.322,2.542,-1.380,88,-3.392,-3.109,-2.085,-0.955,2.322,2.542,2.593,42,-23.367,-12.834,8.286,17.713,22.115,20.043,-0.047,80,-0.191,-0.089,-0.035,0.037,0.057,0.108
"Sargent, Gordon",2,6,2,0,0,1,1,-0.538,70,-1.083,-0.841,-0.538,-0.235,0.007,0.856,-0.932,108,-1.553,-1.277,-0.932,-0.587,-0.311,0.976,-3.819,110,-5.371,-4.681,-3.819,-2.957,-2.267,2.438,-0.759,92,-1.120,-0.960,-0.759,-0.558,-0.397,0.568,-4.578,110,-5.768,-5.239,-4.578,-3.917,-3.388,1.870,-5.510,110,-7.321,-6.516,-5.510,-4.504,-3.698,2.846,-1.495,89,-6.752,-3.979,-1.236,-0.461,4.427,4.578,-1.495,89,-6.752,-3.979,-1.236,-0.461,4.427,4.578,17.935,7,9.700,12.215,16.667,21.860,28.849,8.070,-0.005,54,-0.145,-0.059,0.028,0.069,0.084,0.100
"Smotherman, Austin",1,2,2,0,0,0,0,-1.144,100,-1.537,-1.362,-1.144,-0.925,-0.751,0.618,-0.602,98,-1.447,-1.072,-0.602,-0.133,0.243,1.328,-0.332,66,-0.578,-0.468,-0.332,-0.195,-0.086,0.386,0.564,18,0.115,0.315,0.564,0.813,1.013,0.705,0.232,42,-0.462,-0.154,0.232,0.618,0.927,1.091,-0.370,62,-1.910,-1.225,-0.370,0.485,1.169,2.419,-1.514,90,-2.660,-2.151,-1.514,-0.877,-0.367,1.802,-1.514,90,-2.660,-2.151,-1.514,-0.877,-0.367,1.802,-2.010,63,-4.023,-3.128,-2.010,-0.891,0.003,3.163,0.035,31,-0.071,-0.024,0.035,0.093,0.140,0.166
"VanDerLaan, John",3,10,6,0,0,0,1,-0.194,53,-1.684,-0.424,-0.019,0.423,0.832,1.058,0.143,41,-0.643,-0.597,-0.061,0.644,1.325,0.886,-2.382,109,-4.538,-4.136,-2.566,-0.960,0.211,2.130,-0.280,67,-1.655,-0.934,-0.144,0.626,0.766,1.103,-2.662,108,-6.160,-4.600,-2.723,-0.598,0.823,2.907,-2.519,105,-5.549,-4.655,-3.284,-0.481,1.467,3.003,-1.516,91,-5.501,-4.202,-1.213,1.155,1.799,2.938,-1.516,91,-5.501,-4.202,-1.213,1.155,1.799,2.938,-4.898,76,-17.969,-9.659,-4.777,1.068,7.401,9.547,-0.035,74,-0.188,-0.132,-0.047,0.087,0.131,0.128
"Campos, Rafael",3,8,4,0,0,0,1,-1.006,95,-1.918,-1.806,-1.300,-0.500,0.318,1.128,-2.094,110,-4.857,-2.800,-1.379,-0.673,-0.332,2.296,0.768,15,-0.421,0.194,0.860,1.434,1.827,1.080,-1.699,109,-2.694,-2.643,-1.751,-0.806,-0.631,1.122,-0.931,80,-1.323,-1.209,-0.972,-0.693,-0.482,0.410,-3.025,109,-5.424,-3.921,-2.636,-1.740,-1.170,2.070,-1.750,92,-6.151,-3.401,-1.224,-0.078,2.008,3.062,-1.750,92,-6.151,-3.401,-1.224,-0.078,2.008,3.062,-5.251,78,-19.318,-9.246,-7.042,1.859,8.307,10.568,-0.120,101,-0.263,-0.210,-0.123,-0.058,0.051,0.123
"Rozo, Marcelo",3,8,4,0,0,0,0,-1.823,109,-2.338,-2.097,-1.933,-1.659,-1.155,0.576,-0.489,91,-1.105,-0.781,-0.522,-0.230,0.171,0.605,0.294,33,-0.846,-0.296,0.188,0.777,1.582,1.155,0.488,24,-0.396,0.086,0.299,0.701,1.637,0.999,0.782,21,0.300,0.620,0.820,0.982,1.210,0.433,0.292,40,-0.350,-0.046,0.219,0.557,1.038,0.662,-1.750,92,-4.421,-1.955,-1.548,-1.178,0.337,1.820,-1.750,92,-4.421,-1.955,-1.548,-1.178,0.337,1.820,-10.426,101,-15.150,-14.172,-11.752,-8.494,-2.530,5.000,0.067,17,-0.123,-0.020,0.103,0.150,0.218,0.133
"Hojgaard, Rasmus",2,6,4,0,0,0,0,-1.073,97,-3.125,-3.027,-1.282,0.672,1.271,2.340,0.113,43,-0.550,-0.040,0.282,0.435,0.540,0.551,-0.646,85,-2.179,-1.871,-0.533,0.692,0.728,1.577,0.792,10,0.512,0.582,0.802,1.013,1.058,0.282,0.146,46,-1.178,-1.145,0.020,1.311,1.647,1.524,0.259,43,-1.670,-0.890,0.390,1.539,2.006,1.811,-1.776,94,-6.520,-3.196,-1.042,-0.070,1.922,3.459,-1.776,94,-6.520,-3.196,-1.042,-0.070,1.922,3.459,19.399,4,4.118,18.454,21.041,26.441,28.701,10.650,-0.132,104,-0.219,-0.156,-0.122,-0.084,-0.072,0.064
"Crowe, Trace",2,4,4,0,0,0,0,-0.682,79,-2.435,-1.651,-0.458,0.511,0.756,1.597,0.408,18,-0.431,-0.405,-0.349,0.464,2.308,1.575,-1.561,102,-2.203,-2.109,-1.930,-1.382,-0.403,0.953,0.054,49,-0.526,-0.296,-0.028,0.322,0.749,0.611,-1.507,93,-2.418,-2.387,-1.794,-0.914,-0.193,1.142,-1.098,83,-2.675,-1.922,-0.963,-0.139,0.288,1.440,-1.781,95,-3.972,-2.901,-2.048,-0.928,0.784,2.272,-1.781,95,-3.972,-2.901,-2.048,-0.928,0.784,2.272,16.057,9,11.207,13.357,14.916,17.615,22.505,5.518,-0.098,97,-0.206,-0.129,-0.088,-0.057,-0.004,0.097
"Ramey, Chad",3,8,6,0,0,0,0,-0.648,77,-3.329,-1.683,0.090,0.694,0.967,1.895,0.096,44,-0.475,-0.161,0.163,0.261,0.652,0.457,-0.604,83,-3.720,-0.514,-0.073,0.593,1.033,2.129,-0.058,55,-1.501,-0.156,0.155,0.621,0.751,0.996,-0.662,73,-3.307,-0.902,-0.018,0.280,0.763,1.782,-0.566,68,-3.388,-0.629,-0.015,0.541,0.919,1.927,-1.835,96,-4.451,-3.541,-2.367,-0.196,1.480,2.383,-1.835,96,-4.451,-3.541,-2.367,-0.196,1.480,2.383,-1.328,58,-15.551,-5.039,-1.760,7.807,8.481,9.802,-0.010,57,-0.316,-0.174,0.048,0.111,0.258,0.221
"Walker, Danny",3,8,4,0,0,0,0,-1.126,98,-2.286,-1.188,-0.671,-0.609,-0.605,0.958,-0.397,88,-1.725,-1.430,-0.284,0.749,0.772,1.349,-0.597,82,-3.232,-1.080,0.171,0.654,0.962,2.174,-0.410,73,-1.029,-0.778,-0.386,-0.018,0.177,0.587,-1.007,81,-3.418,-1.610,-0.455,0.148,0.630,2.018,-1.404,94,-4.678,-2.683,-0.966,0.313,1.255,2.861,-1.875,97,-5.330,-3.100,-1.724,0.177,0.685,2.400,-1.875,97,-5.330,-3.100,-1.724,0.177,0.685,2.400,7.262,23,-8.096,1.484,3.922,19.518,21.104,11.907,-0.120,100,-0.225,-0.166,-0.146,-0.080,0.024,0.095
"Hojgaard, Nicolai",1,2,2,0,0,0,0,-0.104,52,-0.925,-0.560,-0.104,0.352,0.716,1.290,-0.043,56,-0.280,-0.175,-0.043,0.088,0.193,0.372,-0.742,92,-2.945,-1.966,-0.742,0.482,1.461,3.462,-1.125,102,-1.640,-1.411,-1.125,-0.838,-0.609,0.810,-1.866,100,-3.554,-2.804,-1.866,-0.929,-0.179,2.652,-1.910,100,-3.834,-2.979,-1.910,-0.841,0.015,3.023,-2.014,98,-3.117,-2.627,-2.014,-1.401,-0.910,1.734,-2.014,98,-3.117,-2.627,-2.014,-1.401,-0.910,1.734,22.990,2,20.503,21.609,22.990,24.372,25.477,3.908,-0.180,108,-0.286,-0.239,-0.180,-0.121,-0.074,0.166
"Campbell, Brian",1,2,2,0,0,0,0,-0.717,83,-0.842,-0.787,-0.717,-0.648,-0.592,0.197,0.241,30,0.226,0.233,0.241,0.249,0.256,0.023,-0.532,76,-1.457,-1.046,-0.532,-0.018,0.393,1.453,-1.006,100,-1.817,-1.457,-1.006,-0.555,-0.194,1.276,-1.538,94,-3.274,-2.503,-1.538,-0.573,0.199,2.729,-1.297,91,-3.018,-2.253,-1.297,-0.340,0.425,2.706,-2.014,98,-3.610,-2.901,-2.014,-1.127,-0.417,2.509,-2.014,98,-3.610,-2.901,-2.014,-1.127,-0.417,2.509,-20.010,110,-35.547,-28.641,-20.010,-11.378,-4.473,24.414,-0.037,75,-0.271,-0.167,-0.037,0.093,0.198,0.368
"Putnam, Andrew",1,2,2,0,0,0,0,0.407,27,-0.769,-0.246,0.407,1.061,1.584,1.849,0.164,37,-0.168,-0.021,0.164,0.349,0.497,0.523,-2.251,107,-4.600,-3.556,-2.251,-0.946,0.098,3.691,-0.335,70,-0.796,-0.591,-0.335,-0.078,0.127,0.726,-2.585,107,-4.473,-3.634,-2.585,-1.537,-0.698,2.966,-2.421,104,-4.641,-3.654,-2.421,-1.188,-0.201,3.488,-2.014,98,-5.410,-3.901,-2.014,-0.127,1.383,5.337,-2.014,98,-5.410,-3.901,-2.014,-0.127,1.383,5.337,-12.760,106,-17.248,-15.253,-12.760,-10.266,-8.272,7.052,0.106,7,0.083,0.093,0.106,0.119,0.129,0.036
"Glover, Lucas",1,2,2,0,0,0,0,-2.377,110,-2.920,-2.678,-2.377,-2.075,-1.834,0.853,-0.314,82,-0.456,-0.393,-0.314,-0.235,-0.172,0.223,1.075,8,-0.199,0.367,1.075,1.783,2.350,2.002,-0.398,71,-0.628,-0.526,-0.398,-0.270,-0.168,0.361,0.677,24,-0.827,-0.159,0.677,1.513,2.181,2.364,0.363,36,-1.284,-0.552,0.363,1.278,2.009,2.587,-2.014,98,-3.117,-2.627,-2.014,-1.401,-0.910,1.734,-2.014,98,-3.117,-2.627,-2.014,-1.401,-0.910,1.734,-5.010,77,-11.973,-8.878,-5.010,-1.141,1.953,10.942,-0.073,92,-0.192,-0.139,-0.073,-0.006,0.047,0.187
"Dahmen, Joel",2,4,4,0,0,0,0,-1.276,103,-2.761,-2.402,-2.146,-1.021,1.425,2.235,-0.638,100,-1.182,-1.118,-0.643,-0.164,-0.088,0.588,0.520,22,-0.791,-0.642,-0.115,1.046,2.720,1.818,-0.636,86,-1.851,-1.710,-0.757,0.317,0.749,1.344,-0.116,57,-2.477,-2.470,-0.990,1.364,3.469,3.075,-0.754,73,-3.506,-2.821,-1.570,0.497,3.139,3.290,-2.031,102,-4.588,-3.788,-2.548,-0.791,1.250,2.837,-2.031,102,-4.588,-3.788,-2.548,-0.791,1.250,2.837,-15.443,108,-18.940,-17.410,-15.102,-13.135,-12.424,3.219,0.063,20,-0.064,0.014,0.055,0.104,0.200,0.126
"Kuchar, Matt",1,2,2,0,0,0,0,-1.005,94,-1.820,-1.458,-1.005,-0.552,-0.189,1.281,0.151,39,-0.012,0.061,0.151,0.242,0.315,0.256,-0.347,69,-1.234,-0.839,-0.347,0.146,0.540,1.393,-0.848,96,-1.120,-0.999,-0.848,-0.696,-0.575,0.428,-1.195,88,-1.809,-1.536,-1.195,-0.854,-0.581,0.965,-1.043,82,-1.494,-1.294,-1.043,-0.793,-0.592,0.709,-2.048,103,-3.314,-2.752,-2.048,-1.345,-0.782,1.990,-2.048,103,-3.314,-2.752,-2.048,-1.345,-0.782,1.990,-9.326,98,-15.623,-12.824,-9.326,-5.828,-3.030,9.894,-0.052,86,-0.092,-0.074,-0.052,-0.030,-0.012,0.063
"Lamprecht, Christo",3,8,4,0,0,0,0,-0.647,76,-1.545,-0.912,-0.451,-0.187,-0.024,0.755,-0.182,73,-1.002,-0.743,-0.085,0.475,0.501,0.792,-2.378,108,-3.450,-3.097,-2.550,-1.831,-1.064,1.153,-0.323,69,-0.912,-0.673,-0.371,-0.021,0.332,0.595,-2.701,109,-3.464,-3.222,-3.119,-2.598,-1.353,1.123,-2.883,108,-4.465,-3.961,-3.204,-2.126,-0.852,1.755,-2.125,104,-5.380,-3.919,-2.294,-0.339,1.356,2.618,-2.125,104,-5.380,-3.919,-2.294,-0.339,1.356,2.618,18.924,5,6.253,14.086,19.409,25.610,29.281,8.879,-0.183,109,-0.373,-0.356,-0.190,-0.006,0.013,0.172
"Snedeker, Brandt",1,2,0,0,0,0,0,null,null,null,null,null,null,null,null,null,null,null,null,null,null,null,null,null,null,null,null,null,null,null,null,null,null,null,null,null,null,null,null,null,null,null,null,null,null,null,null,null,null,null,null,null,null,null,null,-2.201,105,-3.772,-3.073,-2.201,-1.328,-0.630,2.468,-2.201,105,-3.772,-3.073,-2.201,-1.328,-0.630,2.468,-28.790,111,-38.648,-34.267,-28.790,-23.313,-18.932,15.491,0.208,1,0.087,0.141,0.208,0.275,0.329,0.190
"Dunlap, Nick",3,6,4,0,0,0,0,-1.285,104,-4.093,-3.533,-1.459,0.789,1.766,2.966,-0.263,79,-0.657,-0.595,-0.468,-0.136,0.416,0.559,0.229,37,-1.100,-0.846,0.026,1.101,1.842,1.464,-0.961,99,-2.232,-1.680,-0.934,-0.216,0.271,1.204,-0.733,76,-2.098,-1.731,-1.175,-0.176,1.252,1.665,-0.996,80,-2.509,-2.327,-1.796,-0.465,1.637,2.168,-2.254,106,-6.251,-4.095,-2.201,-0.666,1.849,3.270,-2.254,106,-6.251,-4.095,-2.201,-0.666,1.849,3.270,-4.109,73,-15.517,-9.946,-4.260,1.390,7.701,9.491,-0.139,106,-0.332,-0.197,-0.142,-0.052,0.039,0.150
"Schenk, Adam",2,4,4,0,0,0,0,-1.503,108,-3.031,-2.415,-1.292,-0.380,-0.270,1.415,-0.736,104,-1.471,-1.154,-0.749,-0.331,0.017,0.711,-0.315,64,-2.717,-0.997,0.366,1.048,1.135,1.996,0.273,35,-0.224,0.139,0.314,0.448,0.711,0.448,-0.042,55,-2.868,-0.494,0.923,1.375,1.432,2.319,-0.778,74,-3.969,-1.912,-0.042,1.091,1.382,2.698,-2.281,107,-6.281,-4.840,-1.848,0.712,1.112,3.787,-2.281,107,-6.281,-4.840,-1.848,0.712,1.112,3.787,-4.318,74,-14.595,-10.485,-2.760,3.407,3.777,9.522,-0.026,68,-0.094,-0.083,-0.071,-0.014,0.102,0.106
"Davis, Cam",2,4,4,0,0,0,0,-0.585,72,-2.253,-1.315,-0.694,0.036,1.235,1.658,-0.278,81,-0.681,-0.677,-0.316,0.083,0.179,0.468,-0.960,98,-2.921,-1.115,-0.336,-0.182,0.128,1.629,-0.708,91,-2.538,-1.961,-0.801,0.452,1.254,1.851,-1.668,95,-4.701,-3.131,-1.335,0.128,0.900,2.719,-1.946,101,-5.382,-3.809,-1.572,0.291,0.967,3.133,-2.531,108,-6.150,-5.791,-2.714,0.545,1.345,3.982,-2.531,108,-6.150,-5.791,-2.714,0.545,1.345,3.982,5.757,28,-2.138,-1.703,5.602,13.063,13.868,8.845,-0.098,96,-0.197,-0.164,-0.123,-0.057,0.036,0.114
"Roy, Kevin",2,6,6,0,0,0,0,-0.862,90,-1.639,-1.384,-1.067,-0.453,0.231,0.789,-0.111,67,-1.445,-0.369,0.177,0.482,0.666,0.914,-0.422,73,-2.428,-1.462,-0.830,-0.383,2.728,2.208,-1.368,105,-3.503,-2.313,-1.327,-0.283,0.626,1.730,-1.790,99,-5.852,-3.617,-2.169,-0.812,3.281,3.804,-1.900,99,-6.607,-4.696,-1.965,-0.600,3.877,4.357,-2.762,109,-7.628,-5.845,-2.974,-1.964,3.873,4.820,-2.762,109,-7.628,-5.845,-2.974,-1.964,3.873,4.820,1.308,45,-9.517,-3.263,4.238,6.976,7.984,7.739,-0.111,98,-0.188,-0.163,-0.117,-0.080,-0.013,0.075
"Highsmith, Joe",2,6,6,0,0,0,0,-0.637,75,-2.155,-1.621,-0.960,-0.031,1.508,1.525,-0.751,105,-2.274,-0.918,-0.426,-0.079,0.056,1.034,-0.716,91,-3.292,-1.763,-0.669,-0.125,2.110,2.179,-0.658,87,-2.594,-1.364,-0.396,0.498,0.674,1.480,-1.374,91,-5.412,-1.531,-0.726,-0.060,1.138,2.836,-2.125,102,-7.686,-2.352,-1.151,-0.152,1.139,3.823,-2.762,109,-6.502,-3.470,-2.724,-1.964,0.873,2.977,-2.762,109,-6.502,-3.470,-2.724,-1.964,0.873,2.977,-0.875,56,-15.020,-11.141,-2.884,6.661,17.433,13.641,0.020,40,-0.253,-0.106,-0.002,0.160,0.311,0.230
"Kizzire, Patton",2,4,4,0,0,0,0,-1.181,101,-2.612,-1.705,-0.988,-0.464,-0.020,1.248,0.586,9,-0.182,0.130,0.626,1.083,1.298,0.724,-0.489,75,-2.841,-1.628,-0.412,0.727,1.755,2.185,-1.697,108,-3.227,-2.538,-1.817,-0.976,-0.000,1.535,-2.186,105,-4.793,-2.389,-1.236,-1.033,-0.910,2.149,-1.600,97,-3.912,-1.954,-1.133,-0.779,0.059,1.981,-2.781,111,-6.522,-3.651,-2.121,-1.251,0.037,3.206,-2.781,111,-6.522,-3.651,-2.121,-1.251,0.037,3.206,-8.443,94,-18.924,-13.635,-11.126,-5.935,5.795,12.230,-0.062,89,-0.125,-0.093,-0.052,-0.021,-0.014,0.056
"Gerard, Ryan",0,0,0,0,0,0,0,null,null,null,null,null,null,null,null,null,null,null,null,null,null,null,null,null,null,null,null,null,null,null,null,null,null,null,null,null,null,null,null,null,null,null,null,null,null,null,null,null,null,null,null,null,null,null,null,null,null,null,null,null,null,null,null,null,null,null,null,null,null,null,null,null,null,null,null,null,null,null,null,null,null,null,null,null,null,null,null
"Ruffels, Ryan",0,0,0,0,0,0,0,null,null,null,null,null,null,null,null,null,null,null,null,null,null,null,null,null,null,null,null,null,null,null,null,null,null,null,null,null,null,null,null,null,null,null,null,null,null,null,null,null,null,null,null,null,null,null,null,null,null,null,null,null,null,null,null,null,null,null,null,null,null,null,null,null,null,null,null,null,null,null,null,null,null,null,null,null,null,null,null
"Kim, Michael",0,0,0,0,0,0,0,null,null,null,null,null,null,null,null,null,null,null,null,null,null,null,null,null,null,null,null,null,null,null,null,null,null,null,null,null,null,null,null,null,null,null,null,null,null,null,null,null,null,null,null,null,null,null,null,null,null,null,null,null,null,null,null,null,null,null,null,null,null,null,null,null,null,null,null,null,null,null,null,null,null,null,null,null,null,null,null
"McCarty, Matt",0,0,0,0,0,0,0,null,null,null,null,null,null,null,null,null,null,null,null,null,null,null,null,null,null,null,null,null,null,null,null,null,null,null,null,null,null,null,null,null,null,null,null,null,null,null,null,null,null,null,null,null,null,null,null,null,null,null,null,null,null,null,null,null,null,null,null,null,null,null,null,null,null,null,null,null,null,null,null,null,null,null,null,null,null,null,null
"Knapp, Jake",0,0,0,0,0,0,0,null,null,null,null,null,null,null,null,null,null,null,null,null,null,null,null,null,null,null,null,null,null,null,null,null,null,null,null,null,null,null,null,null,null,null,null,null,null,null,null,null,null,null,null,null,null,null,null,null,null,null,null,null,null,null,null,null,null,null,null,null,null,null,null,null,null,null,null,null,null,null,null,null,null,null,null,null,null,null,null
"Dalke, Brad",0,0,0,0,0,0,0,null,null,null,null,null,null,null,null,null,null,null,null,null,null,null,null,null,null,null,null,null,null,null,null,null,null,null,null,null,null,null,null,null,null,null,null,null,null,null,null,null,null,null,null,null,null,null,null,null,null,null,null,null,null,null,null,null,null,null,null,null,null,null,null,null,null,null,null,null,null,null,null,null,null,null,null,null,null,null,null
"Griffin, Ben",0,0,0,0,0,0,0,null,null,null,null,null,null,null,null,null,null,null,null,null,null,null,null,null,null,null,null,null,null,null,null,null,null,null,null,null,null,null,null,null,null,null,null,null,null,null,null,null,null,null,null,null,null,null,null,null,null,null,null,null,null,null,null,null,null,null,null,null,null,null,null,null,null,null,null,null,null,null,null,null,null,null,null,null,null,null,null
"Novak, Andrew",0,0,0,0,0,0,0,null,null,null,null,null,null,null,null,null,null,null,null,null,null,null,null,null,null,null,null,null,null,null,null,null,null,null,null,null,null,null,null,null,null,null,null,null,null,null,null,null,null,null,null,null,null,null,null,null,null,null,null,null,null,null,null,null,null,null,null,null,null,null,null,null,null,null,null,null,null,null,null,null,null,null,null,null,null,null,null
"Jennings, William",0,0,0,0,0,0,0,null,null,null,null,null,null,null,null,null,null,null,null,null,null,null,null,null,null,null,null,null,null,null,null,null,null,null,null,null,null,null,null,null,null,null,null,null,null,null,null,null,null,null,null,null,null,null,null,null,null,null,null,null,null,null,null,null,null,null,null,null,null,null,null,null,null,null,null,null,null,null,null,null,null,null,null,null,null,null,null
"Hooks, Joe",0,0,0,0,0,0,0,null,null,null,null,null,null,null,null,null,null,null,null,null,null,null,null,null,null,null,null,null,null,null,null,null,null,null,null,null,null,null,null,null,null,null,null,null,null,null,null,null,null,null,null,null,null,null,null,null,null,null,null,null,null,null,null,null,null,null,null,null,null,null,null,null,null,null,null,null,null,null,null,null,null,null,null,null,null,null,null
"Koivun, Jackson",0,0,0,0,0,0,0,null,null,null,null,null,null,null,null,null,null,null,null,null,null,null,null,null,null,null,null,null,null,null,null,null,null,null,null,null,null,null,null,null,null,null,null,null,null,null,null,null,null,null,null,null,null,null,null,null,null,null,null,null,null,null,null,null,null,null,null,null,null,null,null,null,null,null,null,null,null,null,null,null,null,null,null,null,null,null,null
"Young, Cameron",0,0,0,0,0,0,0,null,null,null,null,null,null,null,null,null,null,null,null,null,null,null,null,null,null,null,null,null,null,null,null,null,null,null,null,null,null,null,null,null,null,null,null,null,null,null,null,null,null,null,null,null,null,null,null,null,null,null,null,null,null,null,null,null,null,null,null,null,null,null,null,null,null,null,null,null,null,null,null,null,null,null,null,null,null,null,null
"Bhatia, Akshay",0,0,0,0,0,0,0,null,null,null,null,null,null,null,null,null,null,null,null,null,null,null,null,null,null,null,null,null,null,null,null,null,null,null,null,null,null,null,null,null,null,null,null,null,null,null,null,null,null,null,null,null,null,null,null,null,null,null,null,null,null,null,null,null,null,null,null,null,null,null,null,null,null,null,null,null,null,null,null,null,null,null,null,null,null,null,null
"Gotterup, Chris",0,0,0,0,0,0,0,null,null,null,null,null,null,null,null,null,null,null,null,null,null,null,null,null,null,null,null,null,null,null,null,null,null,null,null,null,null,null,null,null,null,null,null,null,null,null,null,null,null,null,null,null,null,null,null,null,null,null,null,null,null,null,null,null,null,null,null,null,null,null,null,null,null,null,null,null,null,null,null,null,null,null,null,null,null,null,null
"Spaun, J.J.",0,0,0,0,0,0,0,null,null,null,null,null,null,null,null,null,null,null,null,null,null,null,null,null,null,null,null,null,null,null,null,null,null,null,null,null,null,null,null,null,null,null,null,null,null,null,null,null,null,null,null,null,null,null,null,null,null,null,null,null,null,null,null,null,null,null,null,null,null,null,null,null,null,null,null,null,null,null,null,null,null,null,null,null,null,null,null
"Schauffele, Xander",0,0,0,0,0,0,0,null,null,null,null,null,null,null,null,null,null,null,null,null,null,null,null,null,null,null,null,null,null,null,null,null,null,null,null,null,null,null,null,null,null,null,null,null,null,null,null,null,null,null,null,null,null,null,null,null,null,null,null,null,null,null,null,null,null,null,null,null,null,null,null,null,null,null,null,null,null,null,null,null,null,null,null,null,null,null,null
"Cantlay, Patrick",0,0,0,0,0,0,0,null,null,null,null,null,null,null,null,null,null,null,null,null,null,null,null,null,null,null,null,null,null,null,null,null,null,null,null,null,null,null,null,null,null,null,null,null,null,null,null,null,null,null,null,null,null,null,null,null,null,null,null,null,null,null,null,null,null,null,null,null,null,null,null,null,null,null,null,null,null,null,null,null,null,null,null,null,null,null,null
"Henley, Russell",0,0,0,0,0,0,0,null,null,null,null,null,null,null,null,null,null,null,null,null,null,null,null,null,null,null,null,null,null,null,null,null,null,null,null,null,null,null,null,null,null,null,null,null,null,null,null,null,null,null,null,null,null,null,null,null,null,null,null,null,null,null,null,null,null,null,null,null,null,null,null,null,null,null,null,null,null,null,null,null,null,null,null,null,null,null,null
"English, Harris",0,0,0,0,0,0,0,null,null,null,null,null,null,null,null,null,null,null,null,null,null,null,null,null,null,null,null,null,null,null,null,null,null,null,null,null,null,null,null,null,null,null,null,null,null,null,null,null,null,null,null,null,null,null,null,null,null,null,null,null,null,null,null,null,null,null,null,null,null,null,null,null,null,null,null,null,null,null,null,null,null,null,null,null,null,null,null
"Wilkes-Krier, Patrick",0,0,0,0,0,0,0,null,null,null,null,null,null,null,null,null,null,null,null,null,null,null,null,null,null,null,null,null,null,null,null,null,null,null,null,null,null,null,null,null,null,null,null,null,null,null,null,null,null,null,null,null,null,null,null,null,null,null,null,null,null,null,null,null,null,null,null,null,null,null,null,null,null,null,null,null,null,null,null,null,null,null,null,null,null,null,null
"Bradley, Keegan",0,0,0,0,0,0,0,null,null,null,null,null,null,null,null,null,null,null,null,null,null,null,null,null,null,null,null,null,null,null,null,null,null,null,null,null,null,null,null,null,null,null,null,null,null,null,null,null,null,null,null,null,null,null,null,null,null,null,null,null,null,null,null,null,null,null,null,null,null,null,null,null,null,null,null,null,null,null,null,null,null,null,null,null,null,null,null
"Fowler, Rickie",0,0,0,0,0,0,0,null,null,null,null,null,null,null,null,null,null,null,null,null,null,null,null,null,null,null,null,null,null,null,null,null,null,null,null,null,null,null,null,null,null,null,null,null,null,null,null,null,null,null,null,null,null,null,null,null,null,null,null,null,null,null,null,null,null,null,null,null,null,null,null,null,null,null,null,null,null,null,null,null,null,null,null,null,null,null,null
"Todd, Brendon",0,0,0,0,0,0,0,null,null,null,null,null,null,null,null,null,null,null,null,null,null,null,null,null,null,null,null,null,null,null,null,null,null,null,null,null,null,null,null,null,null,null,null,null,null,null,null,null,null,null,null,null,null,null,null,null,null,null,null,null,null,null,null,null,null,null,null,null,null,null,null,null,null,null,null,null,null,null,null,null,null,null,null,null,null,null,null
"Simpson, Webb",0,0,0,0,0,0,0,null,null,null,null,null,null,null,null,null,null,null,null,null,null,null,null,null,null,null,null,null,null,null,null,null,null,null,null,null,null,null,null,null,null,null,null,null,null,null,null,null,null,null,null,null,null,null,null,null,null,null,null,null,null,null,null,null,null,null,null,null,null,null,null,null,null,null,null,null,null,null,null,null,null,null,null,null,null,null,null
"Matsuyama, Hideki",0,0,0,0,0,0,0,null,null,null,null,null,null,null,null,null,null,null,null,null,null,null,null,null,null,null,null,null,null,null,null,null,null,null,null,null,null,null,null,null,null,null,null,null,null,null,null,null,null,null,null,null,null,null,null,null,null,null,null,null,null,null,null,null,null,null,null,null,null,null,null,null,null,null,null,null,null,null,null,null,null,null,null,null,null,null,null
"Mazzoli, Stefano",0,0,0,0,0,0,0,null,null,null,null,null,null,null,null,null,null,null,null,null,null,null,null,null,null,null,null,null,null,null,null,null,null,null,null,null,null,null,null,null,null,null,null,null,null,null,null,null,null,null,null,null,null,null,null,null,null,null,null,null,null,null,null,null,null,null,null,null,null,null,null,null,null,null,null,null,null,null,null,null,null,null,null,null,null,null,null
"Penge, Marco",0,0,0,0,0,0,0,null,null,null,null,null,null,null,null,null,null,null,null,null,null,null,null,null,null,null,null,null,null,null,null,null,null,null,null,null,null,null,null,null,null,null,null,null,null,null,null,null,null,null,null,null,null,null,null,null,null,null,null,null,null,null,null,null,null,null,null,null,null,null,null,null,null,null,null,null,null,null,null,null,null,null,null,null,null,null,null
"Echavarria, Nico",0,0,0,0,0,0,0,null,null,null,null,null,null,null,null,null,null,null,null,null,null,null,null,null,null,null,null,null,null,null,null,null,null,null,null,null,null,null,null,null,null,null,null,null,null,null,null,null,null,null,null,null,null,null,null,null,null,null,null,null,null,null,null,null,null,null,null,null,null,null,null,null,null,null,null,null,null,null,null,null,null,null,null,null,null,null,null
"Day, Jason",0,0,0,0,0,0,0,null,null,null,null,null,null,null,null,null,null,null,null,null,null,null,null,null,null,null,null,null,null,null,null,null,null,null,null,null,null,null,null,null,null,null,null,null,null,null,null,null,null,null,null,null,null,null,null,null,null,null,null,null,null,null,null,null,null,null,null,null,null,null,null,null,null,null,null,null,null,null,null,null,null,null,null,null,null,null,null
"Stevens, Sam",0,0,0,0,0,0,0,null,null,null,null,null,null,null,null,null,null,null,null,null,null,null,null,null,null,null,null,null,null,null,null,null,null,null,null,null,null,null,null,null,null,null,null,null,null,null,null,null,null,null,null,null,null,null,null,null,null,null,null,null,null,null,null,null,null,null,null,null,null,null,null,null,null,null,null,null,null,null,null,null,null,null,null,null,null,null,null
