POS,First Name,Last Name,Score,SG-OTT,D. Distance,D. Accuracy,SG-APP,GIR,Fairway Prox,Rough Prox,SG-Putt,SG-ARG,Scrambling,Great Shots,Poor Shots,SG-Total,SG-T2G,SG-BS
1,Eric,Cole,-7,0.29,289.1,71.40%,2.82,83.30%,"23' 1""","19' 10""",0.39,1.45,80.00%,5,0,4.96,4.56,3.11
T2,Nico,Echavarria,-6,1.42,287.2,85.70%,1.84,83.30%,"17' 6""","36' 10""",0.26,0.44,60.00%,3,2,3.96,3.69,3.26
T2,Ben,Griffin,-6,-0.62,274.1,57.10%,-1.14,61.10%,"32' 7""","28' 10""",5.34,0.38,88.90%,4,1,3.96,-1.38,-1.76
T2,Matt,Fitzpatrick,-6,1.24,283.2,92.90%,1.24,88.90%,"22' 9""","85' 1""",0.96,0.51,83.30%,4,2,3.96,3,2.48
T2,Kristoffer,Reitan,-6,0.81,288.8,64.30%,-1.48,77.80%,"28' 1""","53' 2""",4.57,0.06,60.00%,7,1,3.96,-0.62,-0.67
T2,Bud,Cauley,-6,1.69,290.8,85.70%,0.58,88.90%,"20' 6""",,0.6,1.1,100.00%,4,0,3.96,3.36,2.27
T2,Scottie,Scheffler,-6,1.22,283.2,85.70%,0.97,88.90%,"21' 0""","16' 3""",0.93,0.84,100.00%,3,2,3.96,3.03,2.19
T8,Patrick,Cantlay,-5,1.19,285.8,71.40%,1,77.80%,"23' 0""","23' 4""",0.54,0.23,100.00%,5,3,2.96,2.42,2.19
T8,Brandt,Snedeker,-5,0.45,281.8,71.40%,0.04,72.20%,"27' 5""","88' 7""",2.76,-0.3,60.00%,4,1,2.96,0.19,0.49
T8,Aaron,Rai,-5,0.92,283.9,71.40%,0.94,83.30%,"27' 4""","34' 8""",0.42,0.68,80.00%,5,1,2.96,2.54,1.85
T8,Viktor,Hovland,-5,0.66,292.5,64.30%,2.12,66.70%,"16' 4""","78' 3""",0.38,-0.21,87.50%,3,3,2.96,2.58,2.79
T8,Justin,Rose,-5,-0.89,286.6,78.60%,1.12,77.80%,"25' 8""","30' 6""",2.37,0.35,60.00%,3,4,2.96,0.59,0.23
T8,Corey,Conners,-5,-0.3,283.8,71.40%,1.73,77.80%,"24' 1""","45' 7""",-0.32,1.85,100.00%,4,2,2.96,3.28,1.43
T14,Russell,Henley,-4,1.28,279,100.00%,-1.87,72.20%,"29' 0""","108' 6""",3.83,-1.28,57.10%,4,3,1.96,-1.87,-0.59
T14,Brian,Harman,-4,-1.77,288,64.30%,5.14,77.80%,"15' 0""","35' 4""",-0.45,-0.96,40.00%,5,4,1.96,2.41,3.37
T14,Akshay,Bhatia,-4,-0.84,283.6,50.00%,0.24,72.20%,"22' 1""","42' 0""",3.32,-0.76,50.00%,7,1,1.96,-1.36,-0.6
T14,J.J.,Spaun,-4,-0.39,284.3,71.40%,0.62,66.70%,"29' 8""","42' 4""",0.91,0.82,57.10%,3,2,1.96,1.05,0.23
T14,Harris,English,-4,1,286.1,85.70%,-0.15,72.20%,"25' 2""","47' 11""",0.29,0.82,62.50%,3,2,1.96,1.67,0.85
T14,Sam,Burns,-4,1.05,286.2,71.40%,0.84,83.30%,"25' 11""","59' 0""",-0.64,0.71,75.00%,1,0,1.96,2.6,1.89
T20,Tom,Hoge,-3,0.14,277.4,64.30%,0.2,72.20%,"23' 10""","88' 6""",0.99,-0.38,50.00%,4,3,0.96,-0.03,0.34
T20,Robert,MacIntyre,-3,0.08,285,64.30%,-0.07,77.80%,"25' 3""","45' 10""",0.85,0.11,42.90%,3,4,0.96,0.11,0
T20,Harry,Hall,-3,-0.72,282.3,57.10%,-2.58,66.70%,"37' 7""","71' 3""",2.23,2.04,77.80%,3,4,0.96,-1.27,-3.31
T20,Hideki,Matsuyama,-3,-0.08,285.1,64.30%,0.24,72.20%,"35' 3""","113' 3""",0.54,0.26,75.00%,2,4,0.96,0.42,0.16
T20,Maverick,McNealy,-3,0.36,294,64.30%,1.03,72.20%,"21' 11""","103' 10""",-1.1,0.67,75.00%,5,7,0.96,2.06,1.39
T20,Xander,Schauffele,-3,0.01,285.1,64.30%,-0.08,77.80%,"28' 6""","40' 2""",0.21,0.81,83.30%,1,1,0.96,0.75,-0.06
T20,Taylor,Pendrith,-3,-1.37,295,42.90%,-0.03,72.20%,"26' 0""","54' 4""",2.55,-0.19,60.00%,3,2,0.96,-1.59,-1.4
T20,J.T.,Poston,-3,1.56,282.4,100.00%,-0.18,83.30%,"24' 10""",,-1.17,0.75,80.00%,3,3,0.96,2.13,1.38
T20,Andrew,Novak,-3,0.81,291.1,57.10%,-0.75,72.20%,"25' 6""","82' 1""",0.28,0.63,71.40%,4,2,0.96,0.68,0.05
T20,Keegan,Bradley,-3,0.05,291.5,42.90%,1.03,83.30%,"25' 0""","28' 8""",-0.43,0.31,50.00%,3,2,0.96,1.39,1.08
T20,Tommy,Fleetwood,-3,0.41,280.5,71.40%,0.62,88.90%,"26' 10""","38' 2""",-0.97,0.9,60.00%,3,1,0.96,1.93,1.03
T20,Denny,McCarthy,-3,-0.57,279.1,64.30%,0.55,88.90%,"20' 0""","94' 11""",0.49,0.5,66.70%,4,1,0.96,0.47,-0.03
T32,Jackson,Suber,-2,0.3,287.9,57.10%,-1.13,66.70%,"28' 3""","63' 4""",0.01,0.78,71.40%,4,5,-0.04,-0.05,-0.83
T32,Min Woo,Lee,-2,-0.76,283.7,78.60%,0.05,77.80%,"25' 0""","54' 10""",0.89,-0.22,66.70%,4,3,-0.04,-0.93,-0.71
T32,Ryan,Gerard,-2,0.05,280.6,64.30%,-1.72,55.60%,"29' 4""","58' 10""",0.14,1.48,90.90%,3,2,-0.04,-0.18,-1.67
T32,Ben,James,-2,-0.43,279.3,71.40%,0.42,66.70%,"22' 10""","181' 1""",0.49,-0.53,40.00%,2,5,-0.04,-0.53,-0.01
T32,Shane,Lowry,-2,1.42,282.6,92.90%,0.7,83.30%,"21' 9""",,-0.88,-1.29,85.70%,2,3,-0.04,0.84,2.13
T32,Nick,Taylor,-2,0.53,277.2,78.60%,1.19,77.80%,"26' 6""","33' 2""",0.36,-2.12,33.30%,3,3,-0.04,-0.4,1.72
T32,Justin,Thomas,-2,0.61,285.4,71.40%,-1.78,72.20%,"31' 6""","53' 6""",0.73,0.4,75.00%,3,1,-0.04,-0.77,-1.16
T32,Michael,Kim,-2,0.35,286.6,64.30%,-1.91,66.70%,"34' 6""","36' 0""",1.34,0.18,87.50%,2,2,-0.04,-1.38,-1.56
T32,Sam,Stevens,-2,1.35,289.2,78.60%,-1.89,77.80%,"28' 3""","64' 4""",0.39,0.11,60.00%,2,4,-0.04,-0.43,-0.54
T32,Brian,Campbell,-2,0.21,277.5,57.10%,-2.55,50.00%,"32' 11""","34' 5""",2.52,-0.22,91.70%,2,4,-0.04,-2.56,-2.33
T32,Keith,Mitchell,-2,0,292.6,64.30%,0.29,44.40%,"24' 5""","21' 7""",0.63,-0.96,72.70%,2,2,-0.04,-0.67,0.29
T32,Ryo,Hisatsune,-2,-0.04,287.3,71.40%,1.23,72.20%,"22' 11""","78' 8""",-0.41,-0.82,57.10%,4,2,-0.04,0.37,1.19
T32,Sungjae,Im,-2,0.89,287.6,71.40%,0.19,66.70%,"28' 6""","28' 2""",-0.72,-0.4,50.00%,3,2,-0.04,0.67,1.08
T32,Wyndham,Clark,-2,-0.65,288.5,78.60%,-0.93,72.20%,"31' 10""","67' 10""",-0.44,1.97,87.50%,2,4,-0.04,0.4,-1.57
T46,Matt,McCarty,-1,-0.36,287.6,57.10%,0.6,83.30%,"20' 6""","119' 2""",-1.69,0.4,0.00%,3,4,-1.04,0.65,0.24
T46,Gary,Woodland,-1,0.02,282.6,78.60%,0.48,77.80%,"23' 5""","85' 0""",-1.78,0.24,66.70%,0,2,-1.04,0.74,0.5
T46,Alex,Fitzpatrick,-1,1.57,284.8,92.90%,0.8,83.30%,"24' 5""","40' 5""",-2.95,-0.47,57.10%,2,5,-1.04,1.91,2.38
T46,Collin,Morikawa,-1,0.79,279.9,85.70%,1.43,88.90%,"24' 2""","47' 9""",-1.07,-2.19,20.00%,2,4,-1.04,0.03,2.22
T46,Jhonattan,Vegas,-1,-0.68,285,50.00%,-0.13,77.80%,"46' 6""","32' 7""",-0.96,0.72,60.00%,3,3,-1.04,-0.09,-0.81
T46,Mark,Hubbard,-1,-0.81,278.7,71.40%,0.91,72.20%,"24' 0""","56' 10""",-1.55,0.41,42.90%,6,3,-1.04,0.51,0.1
T46,Alex,Noren,-1,-1.86,276.4,57.10%,-1.77,61.10%,"37' 0""","56' 0""",3.47,-0.88,62.50%,6,4,-1.04,-4.51,-3.63
T46,Rickie,Fowler,-1,-0.67,282.4,71.40%,0.37,83.30%,"24' 2""","32' 8""",-0.45,-0.29,66.70%,2,3,-1.04,-0.6,-0.31
T46,Kurt,Kitayama,-1,0.4,287.6,71.40%,1.04,83.30%,"25' 8""","24' 11""",-2.28,-0.2,50.00%,5,2,-1.04,1.24,1.44
T46,Si Woo,Kim,-1,0.16,275.3,71.40%,-0.48,77.80%,"30' 7""","24' 5""",-2.03,1.3,57.10%,2,4,-1.04,0.99,-0.32
T56,Tony,Finau,E,-1.24,294.9,64.30%,-1,55.60%,"30' 7""","64' 9""",0.66,-0.47,55.60%,6,6,-2.04,-2.7,-2.23
T56,Ludvig,Aberg,E,-0.46,285.1,78.60%,1.49,66.70%,"22' 8""","64' 8""",-2.1,-0.97,50.00%,2,6,-2.04,0.06,1.03
T56,Jason,Day,E,1.35,284.7,85.70%,-2.07,72.20%,"37' 11""","38' 6""",-0.63,-0.69,55.60%,3,4,-2.04,-1.41,-0.72
T56,Daniel,Berger,E,-0.69,279.8,71.40%,-0.11,61.10%,"30' 7""","44' 5""",-2.46,1.22,62.50%,2,6,-2.04,0.42,-0.8
T56,Jacob,Bridgeman,E,-0.32,276.2,50.00%,-2.57,55.60%,"29' 4""","77' 3""",0.81,0.03,88.90%,2,3,-2.04,-2.86,-2.89
T56,Mac,Meissner,E,-0.21,277.6,71.40%,-1.7,66.70%,"33' 6""","59' 11""",-0.53,0.4,66.70%,3,4,-2.04,-1.51,-1.91
T62,Ryan,Fox,1,-2.5,285.3,57.10%,0.18,61.10%,"30' 8""","31' 2""",0.91,-1.63,66.70%,6,7,-3.04,-3.95,-2.32
T62,Nicolai,Hojgaard,1,0.46,290.2,71.40%,-0.63,61.10%,"26' 10""","41' 8""",-3.15,0.27,75.00%,1,5,-3.04,0.11,-0.17
T62,Alex,Smalley,1,-1.51,280,57.10%,-1.07,72.20%,"28' 6""","40' 9""",-0.68,0.22,60.00%,5,7,-3.04,-2.36,-2.58
T62,Adam,Scott,1,-0.89,282.1,71.40%,-0.56,72.20%,"26' 10""","67' 5""",-1.67,0.08,75.00%,3,5,-3.04,-1.37,-1.46
T62,Chris,Gotterup,1,-1.06,292.4,42.90%,-0.07,66.70%,"27' 4""","70' 3""",-0.74,-1.18,37.50%,6,6,-3.04,-2.3,-1.12
T62,Jordan,Spieth,1,-0.64,280.5,42.90%,0.63,72.20%,"28' 9""","51' 4""",-2.6,-0.44,40.00%,1,1,-3.04,-0.44,-0.01
68,Cameron,Young,2,-0.14,289.1,57.10%,0.64,77.80%,"21' 11""","57' 1""",-3.33,-1.21,20.00%,3,6,-4.04,-0.71,0.5
69,Sepp,Straka,3,-0.12,272.8,57.10%,-2.07,55.60%,"32' 2""","79' 0""",-1.8,-1.05,33.30%,2,5,-5.04,-3.24,-2.19
T70,Jake,Knapp,4,-2.36,287.8,57.10%,-1.71,55.60%,"29' 4""","72' 9""",-0.92,-1.05,40.00%,0,5,-6.04,-5.12,-4.07
T70,Sahith,Theegala,4,-0.78,286.1,42.90%,-0.94,66.70%,"28' 8""","64' 8""",-2.66,-1.67,33.30%,2,9,-6.04,-3.39,-1.72
72,Lucas,Glover,5,-0.39,275.7,78.60%,-0.45,66.70%,"28' 2""","71' 1""",-3.8,-2.41,37.50%,1,5,-7.04,-3.24,-0.83
