pos,player_name,score,r1_score,r1_sg,r2_score,r2_sg,r3_score,r3_sg,r4_score,r4_sg,total_score,total_sg,dg_points,dg_rank,owgr_rank,opening_odds,closing_odds
1,"Spieth, Jordan",-12,65,6.92,69,5.03,65,4.03,69,1.13,268,17.11,28,2,3,null,null
2,"Kuchar, Matt",-9,65,6.92,71,3.03,66,3.03,69,1.13,271,14.11,14.7472,10,18,null,null
3,"Li, Haotong",-6,69,2.92,73,1.03,69,0.03,63,7.13,274,11.11,10.1056,139,107,null,null
T4,"Cabrera Bello, Rafa",-5,67,4.92,73,1.03,67,2.03,68,2.13,275,10.11,6.9946,32,17,null,null
T4,"McIlroy, Rory",-5,71,0.92,68,6.03,69,0.03,67,3.13,275,10.11,6.9946,6,4,null,null
T6,"Leishman, Marc",-4,69,2.92,76,-1.97,66,3.03,65,5.13,276,9.11,4.0972,21,34,null,null
T6,"Noren, Alex",-4,68,3.92,72,2.03,69,0.03,67,3.13,276,9.11,4.0972,29,9,null,null
T6,"Grace, Branden",-4,70,1.92,74,0.03,62,7.03,70,0.13,276,9.11,4.0972,42,35,null,null
T6,"Southgate, Matthew",-4,72,-0.08,72,2.03,67,2.03,65,5.13,276,9.11,4.0972,410,172,null,null
T6,"Koepka, Brooks",-4,65,6.92,72,2.03,68,1.03,71,-0.87,276,9.11,4.0972,12,11,null,null
T11,"Stenson, Henrik",-3,69,2.92,73,1.03,65,4.03,70,0.13,277,8.11,2.6851,9,8,null,null
T11,"Casey, Paul",-3,66,5.92,77,-2.97,67,2.03,67,3.13,277,8.11,2.6851,7,16,null,null
T11,"Kim, Chan",-3,72,-0.08,68,6.03,67,2.03,70,0.13,277,8.11,2.6851,387,170,null,null
T14,"Poulter, Ian",-2,67,4.92,70,4.03,71,-1.97,70,0.13,278,7.1,1.9603,69,78,null,null
T14,"Johnson, Zach",-2,75,-3.08,66,8.03,71,-1.97,66,4.13,278,7.1,1.9603,52,71,null,null
T14,"Dufner, Jason",-2,73,-1.08,71,3.03,66,3.03,68,2.13,278,7.1,1.9603,30,31,null,null
T14,"Wood, Chris",-2,71,0.92,72,2.03,68,1.03,67,3.13,278,7.1,1.9603,79,63,null,null
T14,"Matsuyama, Hideki",-2,68,3.92,72,2.03,66,3.03,72,-1.87,278,7.1,1.9603,5,2,null,null
T14,"Connelly, Austin",-2,67,4.92,72,2.03,66,3.03,73,-2.87,278,7.1,1.9603,null,null,null,null
T20,"Hoffman, Charley",-1,67,4.92,73,1.03,72,-2.97,67,3.13,279,6.1,1.5368,31,39,null,null
T20,"Schauffele, Xander",-1,69,2.92,75,-0.97,70,-0.97,65,5.13,279,6.11,1.5368,54,84,null,null
T22,"Scott, Adam",0,69,2.92,74,0.03,70,-0.97,67,3.13,280,5.1,1.2968,18,15,null,null
T22,"Bland, Richard",0,67,4.92,72,2.03,70,-0.97,71,-0.87,280,5.1,1.2968,186,145,null,null
T22,"Lovemark, Jamie",0,71,0.92,69,5.03,70,-0.97,70,0.13,280,5.1,1.2968,45,85,null,null
T22,"Ramsay, Richie",0,68,3.92,70,4.03,70,-0.97,72,-1.87,280,5.1,1.2968,154,169,null,null
T22,"Fowler, Rickie",0,71,0.92,71,3.03,67,2.03,71,-0.87,280,5.1,1.2968,3,10,null,null
T27,"Westwood, Lee",1,71,0.92,74,0.03,69,0.03,67,3.13,281,4.11,0.9582,83,57,null,null
T27,"Jaidee, Thongchai",1,70,1.92,73,1.03,68,1.03,70,0.13,281,4.1,0.9582,210,100,null,null
T27,"Baddeley, Aaron",1,69,2.92,76,-1.97,72,-2.97,64,6.13,281,4.1,0.9582,127,152,null,null
T27,"Drysdale, David",1,72,-0.08,73,1.03,66,3.03,70,0.13,281,4.1,0.9582,176,263,null,null
T27,"Watson, Bubba",1,68,3.92,72,2.03,71,-1.97,70,0.13,281,4.1,0.9582,82,49,null,null
T27,"Day, Jason",1,69,2.92,76,-1.97,65,4.03,71,-0.87,281,4.1,0.9582,13,6,null,null
T27,"Finau, Tony",1,70,1.92,73,1.03,67,2.03,71,-0.87,281,4.1,0.9582,24,64,null,null
T27,"Fleetwood, Tommy",1,76,-4.08,69,5.03,66,3.03,70,0.13,281,4.1,0.9582,16,14,null,null
T27,"Johnston, Andrew",1,69,2.92,74,0.03,67,2.03,71,-0.87,281,4.1,0.9582,116,112,null,null
T27,"Berger, Daniel",1,68,3.92,76,-1.97,70,-0.97,67,3.13,281,4.11,0.9582,22,20,null,null
T37,"Stricker, Steve",2,70,1.92,72,2.03,69,0.03,71,-0.87,282,3.1,0.7196,26,75,null,null
T37,"Garcia, Sergio",2,73,-1.08,69,5.03,68,1.03,72,-1.87,282,3.1,0.7196,4,5,null,null
T37,"Kjeldsen, Soren",2,71,0.92,71,3.03,72,-2.97,68,2.13,282,3.1,0.7196,111,76,null,null
T37,"Kaymer, Martin",2,72,-0.08,72,2.03,70,-0.97,68,2.13,282,3.1,0.7196,51,61,null,null
T37,"Simpson, Webb",2,71,0.92,74,0.03,70,-0.97,67,3.13,282,3.1,0.7196,40,59,null,null
T37,"Henley, Russell",2,70,1.92,70,4.03,75,-5.97,67,3.13,282,3.1,0.7196,37,53,null,null
T37,"Canter, Laurie",2,70,1.92,72,2.03,72,-2.97,68,2.13,282,3.1,0.7196,null,null,null,null
T44,"Na, Kevin",3,68,3.92,75,-0.97,68,1.03,72,-1.87,283,2.1,0.4158,77,70,null,null
T44,"Kang, Sung",3,68,3.92,73,1.03,76,-6.97,66,4.13,283,2.1,0.4158,78,87,null,null
T44,"Dodt, Andrew",3,69,2.92,75,-0.97,69,0.03,70,0.13,283,2.1,0.4158,171,154,null,null
T44,"Fisher, Ross",3,70,1.92,72,2.03,66,3.03,75,-4.87,283,2.1,0.4158,36,43,null,null
T44,"Luiten, Joost",3,68,3.92,72,2.03,70,-0.97,73,-2.87,283,2.1,0.4158,72,80,null,null
T44,"Uihlein, Peter",3,72,-0.08,72,2.03,69,0.03,70,0.13,283,2.1,0.4158,62,88,null,null
T44,"Pieters, Thomas",3,69,2.92,75,-0.97,68,1.03,71,-0.87,283,2.1,0.4158,47,30,null,null
T44,"Fitzpatrick, Matt",3,69,2.92,73,1.03,68,1.03,73,-2.87,283,2.1,0.4158,68,40,null,null
T44,"Chang, Yikeun",3,71,0.92,71,3.03,71,-1.97,70,0.13,283,2.1,0.4158,null,null,null,null
T44,"Rahm, Jon",3,69,2.92,74,0.03,70,-0.97,70,0.13,283,2.1,0.4158,8,7,null,null
T54,"Hend, Scott",4,71,0.92,74,0.03,65,4.03,74,-3.87,284,1.1,0,220,106,null,null
T54,"Rose, Justin",4,71,0.92,74,0.03,69,0.03,70,0.13,284,1.1,0,11,12,null,null
T54,"Walker, Jimmy",4,72,-0.08,72,2.03,70,-0.97,70,0.13,284,1.1,0,71,38,null,null
T54,"Holmes, J.B.",4,71,0.92,72,2.03,71,-1.97,70,0.13,284,1.1,0,61,52,null,null
T54,"Kisner, Kevin",4,70,1.92,71,3.03,74,-4.97,69,1.13,284,1.1,0,38,25,null,null
T54,"Johnson, Dustin",4,71,0.92,72,2.03,64,5.03,77,-6.87,284,1.1,0,1,1,null,null
T54,"Tree, Toby",4,70,1.92,75,-0.97,69,0.03,70,0.13,284,1.1,0,null,null,null,null
61,"Els, Ernie",5,68,3.92,73,1.03,70,-0.97,74,-3.87,285,0.1,0,325,417,null,null
T62,"Schwartzel, Charl",6,66,5.92,78,-3.97,71,-1.97,71,-0.87,286,-0.9,0,28,21,null,null
T62,"O'Hair, Sean",6,72,-0.08,73,1.03,71,-1.97,70,0.13,286,-0.89,0,102,74,null,null
T62,"Norris, Shaun",6,71,0.92,74,0.03,65,4.03,76,-5.87,286,-0.9,0,null,null,null,null
T62,"Kim, K.T.",6,73,-1.08,71,3.03,69,0.03,73,-2.87,286,-0.9,0,343,103,null,null
T62,"Lorenzo-Vera, Michael",6,75,-3.08,70,4.03,70,-0.97,71,-0.87,286,-0.9,0,134,150,null,null
T62,"Olesen, Thorbjorn",6,70,1.92,72,2.03,74,-4.97,70,0.13,286,-0.9,0,117,83,null,null
T62,"Song, Younghan",6,71,0.92,74,0.03,69,0.03,72,-1.87,286,-0.9,0,266,115,null,null
T62,"Plant, Alfie",6,71,0.92,73,1.03,69,0.03,73,-2.87,286,-0.9,0,null,null,null,null
T70,"Woodland, Gary",7,70,1.92,69,5.03,74,-4.97,74,-3.87,287,-1.9,0,56,48,null,null
T70,"Stone, Brandon",7,73,-1.08,72,2.03,68,1.03,74,-3.87,287,-1.9,0,222,94,null,null
T70,"Sullivan, Andy",7,70,1.92,75,-0.97,69,0.03,73,-2.87,287,-1.9,0,59,66,null,null
T70,"Dean, Joe",7,72,-0.08,72,2.03,70,-0.97,73,-2.87,287,-1.9,0,null,null,null,null
T74,"Wiesberger, Bernd",8,69,2.92,75,-0.97,71,-1.97,73,-2.87,288,-2.9,0,27,29,null,null
T74,"Hahn, James",8,68,3.92,76,-1.97,70,-0.97,74,-3.87,288,-2.9,0,74,68,null,null
76,"Willett, Danny",9,71,0.92,74,0.03,73,-3.97,71,-0.87,289,-3.9,0,321,41,null,null
77,"Bulle, Kent",10,68,3.92,72,2.03,74,-4.97,76,-5.87,290,-4.9,0,471,null,null,null
CUT,"Harrington, Padraig",6,73,-1.08,73,1.03,null,null,null,null,146,-0.05,0,101,134,null,null
CUT,"Foster, Mark B.",6,75,-3.08,71,3.03,null,null,null,null,146,-0.05,0,446,null,null,null
CUT,"Larrazabal, Pablo",6,72,-0.08,74,0.03,null,null,null,null,146,-0.05,0,98,102,null,null
CUT,"Kapur, Shiv",6,73,-1.08,73,1.03,null,null,null,null,146,-0.05,0,469,300,null,null
CUT,"Fox, Ryan",6,74,-2.08,72,2.03,null,null,null,null,146,-0.05,0,80,95,null,null
CUT,"Castro, Roberto",6,76,-4.08,70,4.03,null,null,null,null,146,-0.05,0,265,130,null,null
CUT,"Lahiri, Anirban",6,73,-1.08,73,1.03,null,null,null,null,146,-0.05,0,81,67,null,null
CUT,"Kim, Si Woo",6,70,1.92,76,-1.97,null,null,null,null,146,-0.05,0,188,32,null,null
CUT,"Levy, Alexander",6,71,0.92,75,-0.97,null,null,null,null,146,-0.05,0,109,79,null,null
CUT,"Lipsky, David",6,68,3.92,78,-3.97,null,null,null,null,146,-0.05,0,261,119,null,null
CUT,"Suri, Julian",6,74,-2.08,72,2.03,null,null,null,null,146,-0.05,0,377,218,null,null
CUT,"Broadhurst, Paul",7,75,-3.08,72,2.03,null,null,null,null,147,-1.05,0,null,null,null,null
CUT,"Molinari, Francesco",7,73,-1.08,74,0.03,null,null,null,null,147,-1.05,0,14,19,null,null
CUT,"Laird, Martin",7,68,3.92,79,-4.97,null,null,null,null,147,-1.05,0,73,89,null,null
CUT,"Griffin, Matthew",7,70,1.92,77,-2.97,null,null,null,null,147,-1.05,0,null,null,null,null
CUT,"Zanotti, Fabrizio",7,77,-5.08,70,4.03,null,null,null,null,147,-1.05,0,168,97,null,null
CUT,"Bland, Adam",7,75,-3.08,72,2.03,null,null,null,null,147,-1.05,0,395,279,null,null
CUT,"Waring, Paul",7,74,-2.08,73,1.03,null,null,null,null,147,-1.05,0,269,246,null,null
CUT,"Knox, Russell",7,74,-2.08,73,1.03,null,null,null,null,147,-1.05,0,100,47,null,null
CUT,"Thomas, Justin",7,67,4.92,80,-5.97,null,null,null,null,147,-1.05,0,15,13,null,null
CUT,"Streb, Robert",7,69,2.92,78,-3.97,null,null,null,null,147,-1.05,0,99,139,null,null
CUT,"Lehman, Tom",8,72,-0.08,76,-1.97,null,null,null,null,148,-2.05,0,null,null,null,null
CUT,"Clarke, Darren",8,75,-3.08,73,1.03,null,null,null,null,148,-2.05,0,null,null,null,null
CUT,"Moore, Ryan",8,74,-2.08,74,0.03,null,null,null,null,148,-2.05,0,75,44,null,null
CUT,"Harman, Brian",8,70,1.92,78,-3.97,null,null,null,null,148,-2.05,0,25,27,null,null
CUT,"Frittelli, Dylan",8,73,-1.08,75,-0.97,null,null,null,null,148,-2.05,0,130,82,null,null
CUT,"Kruger, Jbe'",8,76,-4.08,72,2.03,null,null,null,null,148,-2.05,0,275,207,null,null
CUT,"Stanley, Kyle",8,70,1.92,78,-3.97,null,null,null,null,148,-2.05,0,33,58,null,null
CUT,"Kim, Gi-Whan",8,73,-1.08,75,-0.97,null,null,null,null,148,-2.05,0,null,null,null,null
CUT,"Chappell, Kevin",8,73,-1.08,75,-0.97,null,null,null,null,148,-2.05,0,44,28,null,null
CUT,"An, Byeong Hun",8,77,-5.08,71,3.03,null,null,null,null,148,-2.05,0,49,60,null,null
CUT,"Bjork, Alexander",8,75,-3.08,73,1.03,null,null,null,null,148,-2.05,0,88,116,null,null
CUT,"Reed, Patrick",8,73,-1.08,75,-0.97,null,null,null,null,148,-2.05,0,34,22,null,null
CUT,"McCarthy, Ryan",8,76,-4.08,72,2.03,null,null,null,null,148,-2.05,0,null,null,null,null
CUT,"McCullen, Haydn",8,73,-1.08,75,-0.97,null,null,null,null,148,-2.05,0,null,null,null,null
CUT,"Lawrie, Paul",9,70,1.92,79,-4.97,null,null,null,null,149,-3.05,0,354,350,null,null
CUT,"Perez, Pat",9,74,-2.08,75,-0.97,null,null,null,null,149,-3.05,0,41,42,null,null
CUT,"Howell III, Charles",9,74,-2.08,75,-0.97,null,null,null,null,149,-3.05,0,39,55,null,null
CUT,"Hall, Ashley",9,75,-3.08,74,0.03,null,null,null,null,149,-3.05,0,null,null,null,null
CUT,"Haas, Bill",9,71,0.92,78,-3.97,null,null,null,null,149,-3.05,0,23,37,null,null
CUT,"Manley, Stuart",9,68,3.92,81,-6.97,null,null,null,null,149,-3.05,0,null,null,null,null
CUT,"McGirt, William",9,77,-5.08,72,2.03,null,null,null,null,149,-3.05,0,105,56,null,null
CUT,"Grillo, Emiliano",9,76,-4.08,73,1.03,null,null,null,null,149,-3.05,0,53,46,null,null
CUT,"Smith, Cameron",9,74,-2.08,75,-0.97,null,null,null,null,149,-3.05,0,84,161,null,null
CUT,"Syme, Connor",9,73,-1.08,76,-1.97,null,null,null,null,149,-3.05,0,null,null,null,null
CUT,"Mickelson, Phil",10,73,-1.08,77,-2.97,null,null,null,null,150,-4.05,0,17,26,null,null
CUT,"Marksaeng, Prayad",10,76,-4.08,74,0.03,null,null,null,null,150,-4.05,0,450,216,null,null
CUT,"Cink, Stewart",10,77,-5.08,73,1.03,null,null,null,null,150,-4.05,0,46,171,null,null
CUT,"Ikeda, Yuta",10,71,0.92,79,-4.97,null,null,null,null,150,-4.05,0,131,62,null,null
CUT,"Horsey, David",10,75,-3.08,75,-0.97,null,null,null,null,150,-4.05,0,146,124,null,null
CUT,"Hendry, Michael",10,73,-1.08,77,-2.97,null,null,null,null,150,-4.05,0,214,110,null,null
CUT,"Lowry, Shane",10,72,-0.08,78,-3.97,null,null,null,null,150,-4.05,0,58,72,null,null
CUT,"Wang, Jeunghun",10,77,-5.08,73,1.03,null,null,null,null,150,-4.05,0,296,65,null,null
CUT,"O'Meara, Mark",11,81,-9.08,70,4.03,null,null,null,null,151,-5.05,0,null,null,null,null
CUT,"Duval, David",11,79,-7.08,72,2.03,null,null,null,null,151,-5.05,0,null,null,null,null
CUT,"Vegas, Jhonattan",11,75,-3.08,76,-1.97,null,null,null,null,151,-5.05,0,123,73,null,null
CUT,"Hatton, Tyrrell",11,75,-3.08,76,-1.97,null,null,null,null,151,-5.05,0,43,24,null,null
CUT,"McCarthy, Nick",11,74,-2.08,77,-2.97,null,null,null,null,151,-5.05,0,null,null,null,null
CUT,"Cianchetti, Luca",11,75,-3.08,76,-1.97,null,null,null,null,151,-5.05,0,null,null,null,null
CUT,"Daly, John",12,74,-2.08,78,-3.97,null,null,null,null,152,-6.05,0,null,null,null,null
CUT,"Fichardt, Darren",12,71,0.92,81,-6.97,null,null,null,null,152,-6.05,0,491,234,null,null
CUT,"Miyazato, Yusaku",12,70,1.92,82,-7.97,null,null,null,null,152,-6.05,0,302,126,null,null
CUT,"Tanihara, Hideto",12,77,-5.08,75,-0.97,null,null,null,null,152,-6.05,0,91,50,null,null
CUT,"Oosthuizen, Louis",12,78,-6.08,74,0.03,null,null,null,null,152,-6.05,0,20,23,null,null
CUT,"Horschel, Billy",12,76,-4.08,76,-1.97,null,null,null,null,152,-6.05,0,76,45,null,null
CUT,"Shinkwin, Callum",12,74,-2.08,78,-3.97,null,null,null,null,152,-6.05,0,432,158,null,null
CUT,"McNealy, Maverick",12,78,-6.08,74,0.03,null,null,null,null,152,-6.05,0,174,null,null,null
CUT,"Pavon, Matthieu",12,74,-2.08,78,-3.97,null,null,null,null,152,-6.05,0,213,133,null,null
CUT,"Bryan, Wesley",12,74,-2.08,78,-3.97,null,null,null,null,152,-6.05,0,115,36,null,null
CUT,"Ellis, Harry",12,77,-5.08,75,-0.97,null,null,null,null,152,-6.05,0,null,null,null,null
CUT,"Lyle, Sandy",13,77,-5.08,76,-1.97,null,null,null,null,153,-7.05,0,null,null,null,null
CUT,"Steele, Brendan",13,76,-4.08,77,-2.97,null,null,null,null,153,-7.05,0,35,51,null,null
CUT,"Hadwin, Adam",13,71,0.92,82,-7.97,null,null,null,null,153,-7.05,0,67,54,null,null
CUT,"DeChambeau, Bryson",13,76,-4.08,77,-2.97,null,null,null,null,153,-7.05,0,97,81,null,null
CUT,"Munoz, Sebastian",13,74,-2.08,79,-4.97,null,null,null,null,153,-7.05,0,320,274,null,null
CUT,"Khongwatmai, Phachara",14,74,-2.08,80,-5.97,null,null,null,null,154,-8.05,0,null,null,null,null
CUT,"Dinwiddie, Robert",16,77,-5.08,79,-4.97,null,null,null,null,156,-10.05,0,null,null,null,null
CUT,"Hodkinson, Adam",16,80,-8.08,76,-1.97,null,null,null,null,156,-10.05,0,null,null,null,null
CUT,"Hamilton, Todd",18,79,-7.08,79,-4.97,null,null,null,null,158,-12.05,0,null,null,null,null
