"Last Name","First Name","SHORT GAME","APPROACH","Driving-Distance","Driving-Accuracy","Total SG Adjustment"
"KOBORI","KAZUMA","+0.00","+0.00","+0.32","-0.00","+0.32"
"KANEKO","KOTA","-0.00","-0.00","+0.29","-0.00","+0.28"
"HOWARD","DAVID","+0.02","+0.00","+0.19","+0.00","+0.20"
"HIGA","KAZUKI","+0.00","+0.00","+0.20","-0.00","+0.20"
"DUVAL","DAVID","+0.01","+0.00","+0.18","+0.00","+0.19"
"STENSON","HENRIK","+0.02","+0.00","+0.18","-0.00","+0.19"
"MCDONALD","JACK","+0.01","+0.00","+0.17","-0.00","+0.17"
"HAM","JEONG WOO","+0.00","+0.00","+0.17","-0.00","+0.17"
"RAI","AARON","-0.00","-0.00","+0.17","-0.01","+0.16"
"CLARKE","DARREN","+0.01","+0.00","+0.15","+0.00","+0.16"
"BALDWIN","MATTHEW","+0.01","+0.00","+0.15","-0.00","+0.16"
"HOLLICK","MICHAEL","+0.00","+0.00","+0.14","-0.00","+0.15"
"YONEZAWA","REN","+0.00","+0.00","+0.14","-0.00","+0.14"
"HENLEY","RUSSELL","-0.01","-0.00","+0.15","-0.01","+0.14"
"NOREN","ALEX","-0.01","-0.00","+0.15","-0.00","+0.13"
"NORRIS","SHAUN","-0.01","+0.00","+0.13","-0.00","+0.13"
"SULLIVAN","ANDY","-0.00","+0.00","+0.13","-0.00","+0.13"
"WIESBERGER","BERND","+0.00","-0.00","+0.12","-0.00","+0.12"
"KATAOKA","NAOYUKI","-0.00","+0.00","+0.12","+0.00","+0.12"
"YANG","JIHO","+0.01","+0.00","+0.10","+0.00","+0.11"
"HARMAN","BRIAN","-0.01","-0.00","+0.12","-0.00","+0.11"
"PARRY","JOHN","+0.00","-0.00","+0.11","-0.00","+0.11"
"SOUTHGATE","MATTHEW","+0.01","+0.00","+0.10","-0.00","+0.11"
"BUCHANAN","JACK","+0.01","+0.00","+0.09","+0.00","+0.10"
"GREHAN","STUART","+0.01","+0.00","+0.09","+0.00","+0.10"
"BROWN","DAN","+0.01","-0.00","+0.09","-0.00","+0.10"
"SCHAPER","JAYDEN","-0.00","+0.00","+0.10","-0.00","+0.10"
"MOLINARI","FRANCESCO","+0.01","-0.00","+0.09","-0.00","+0.10"
"DE CASTRO PIERA","ALEJANDRO","+0.01","+0.00","+0.09","+0.00","+0.10"
"HARRINGTON","PADRAIG","+0.01","-0.00","+0.07","+0.00","+0.08"
"VALIMAKI","SAMI","-0.00","-0.00","+0.08","-0.00","+0.08"
"TAYLOR","NICK","-0.01","-0.00","+0.09","-0.00","+0.08"
"SKOGEN","BAARD","+0.01","+0.00","+0.07","+0.00","+0.07"
"ECHAVARRIA","NICO","-0.00","-0.00","+0.08","-0.00","+0.07"
"MCCARTY","MATT","-0.00","-0.00","+0.07","-0.00","+0.07"
"SMYTH","TRAV","+0.00","+0.00","+0.06","+0.00","+0.07"
"POSTON","J.T.","-0.00","-0.00","+0.07","-0.00","+0.06"
"SMITH","CAMERON","-0.02","+0.00","+0.07","+0.00","+0.06"
"LAPORTA","FRANCESCO","+0.00","+0.00","+0.06","-0.00","+0.06"
"REED","PATRICK","-0.01","-0.00","+0.06","+0.00","+0.06"
"HORSCHEL","BILLY","+0.00","-0.00","+0.05","+0.00","+0.05"
"JARVIS","CASEY","+0.00","-0.00","+0.05","-0.00","+0.05"
"COUVRA","MARTIN","+0.00","+0.00","+0.04","-0.00","+0.05"
"KIM","SI WOO","-0.01","-0.00","+0.05","-0.00","+0.04"
"NAGANO","RYUTARO","+0.00","+0.00","+0.03","+0.00","+0.03"
"BRADBURY","DAN","+0.01","-0.00","+0.02","-0.00","+0.03"
"KIM","TOM","-0.01","-0.00","+0.04","-0.00","+0.03"
"JORDAN","MATTHEW","+0.00","+0.00","+0.03","+0.00","+0.03"
"CONNERS","COREY","+0.00","-0.00","+0.03","-0.00","+0.03"
"SADDIER","ADRIEN","+0.00","+0.00","+0.03","-0.00","+0.03"
"COLE","ERIC","-0.01","-0.00","+0.03","+0.00","+0.03"
"VINCENT","SCOTT","-0.01","+0.00","+0.03","-0.00","+0.02"
"KIM","MICHAEL","-0.01","-0.00","+0.03","+0.00","+0.02"
"STRAKA","SEPP","+0.00","-0.00","+0.02","-0.00","+0.02"
"LOWRY","SHANE","+0.00","-0.00","+0.02","-0.00","+0.02"
"CINK","STEWART","-0.00","+0.00","+0.02","+0.00","+0.01"
"WALLACE","MATT","-0.00","-0.00","+0.02","+0.00","+0.01"
"HALL","HARRY","-0.01","-0.00","+0.02","+0.00","+0.01"
"DAY","JASON","-0.01","+0.00","+0.02","-0.00","+0.01"
"LACROIX","FREDERIC","+0.01","+0.00","+0.00","-0.00","+0.01"
"IM","SUNGJAE","-0.01","+0.00","+0.02","-0.00","+0.01"
"TRUSLOW","AUSTEN","+0.01","+0.00","-0.00","-0.00","+0.01"
"MATSUYAMA","HIDEKI","-0.01","-0.00","+0.01","+0.00","+0.01"
"WIEDEMEYER","TIM","+0.00","+0.00","+0.00","+0.00","+0.01"
"MORIKAWA","COLLIN","-0.00","-0.00","+0.01","-0.00","+0.00"
"FLEETWOOD","TOMMY","-0.01","-0.00","+0.01","-0.00","-0.00"
"SPAUN","J.J.","-0.00","-0.00","-0.00","-0.00","-0.01"
"CANTER","LAURIE","+0.01","-0.00","-0.01","-0.00","-0.01"
"FITZPATRICK","ALEX","-0.00","-0.00","-0.00","-0.00","-0.01"
"FOWLER","RICKIE","-0.00","-0.00","-0.00","-0.00","-0.01"
"CAULEY","BUD","-0.00","-0.00","-0.01","-0.00","-0.01"
"FITZPATRICK","MATT","-0.01","-0.00","+0.00","-0.00","-0.01"
"BHATIA","AKSHAY","-0.01","-0.00","-0.01","+0.00","-0.01"
"NAKAJIMA","KEITA","-0.00","-0.00","-0.01","-0.00","-0.02"
"BERGER","DANIEL","+0.00","-0.00","-0.02","-0.00","-0.02"
"ROZNER","ANTOINE","+0.00","-0.00","-0.02","+0.00","-0.02"
"SLOMAN","TOM","+0.02","+0.00","-0.04","+0.00","-0.02"
"BRIDGEMAN","JACOB","-0.01","-0.00","-0.01","-0.00","-0.02"
"PEREZ","VICTOR","-0.00","-0.00","-0.02","-0.00","-0.02"
"DEAN","JOE","-0.00","+0.00","-0.02","+0.00","-0.02"
"PULCINI","MATEO","+0.02","+0.00","-0.05","+0.00","-0.02"
"NOVAK","ANDREW","+0.00","-0.00","-0.03","-0.00","-0.03"
"GRINBERG","LEV","+0.00","+0.00","-0.03","+0.00","-0.03"
"ENGLISH","HARRIS","-0.01","-0.00","-0.02","-0.00","-0.03"
"GERARD","RYAN","-0.00","-0.00","-0.03","-0.00","-0.03"
"HISATSUNE","RYO","+0.00","-0.00","-0.03","-0.00","-0.03"
"GRIFFIN","BEN","-0.01","-0.00","-0.02","-0.00","-0.03"
"SMALLEY","ALEX","-0.00","-0.00","-0.04","-0.00","-0.04"
"SUBER","JACKSON","+0.00","-0.00","-0.05","+0.00","-0.04"
"HOVLAND","VIKTOR","-0.01","-0.00","-0.04","-0.00","-0.05"
"ROSE","JUSTIN","-0.00","-0.00","-0.04","-0.00","-0.05"
"MACINTYRE","ROBERT","-0.01","-0.00","-0.04","-0.00","-0.05"
"BAIRSTOW","SAM","+0.00","+0.00","-0.05","+0.00","-0.05"
"NEERGAARD-PETERSEN","RASMUS","+0.00","-0.00","-0.06","-0.00","-0.06"
"HOMA","MAX","-0.01","-0.00","-0.05","+0.00","-0.06"
"LAGERGREN","JOAKIM","+0.00","+0.00","-0.07","+0.00","-0.06"
"CANTLAY","PATRICK","-0.01","-0.00","-0.06","-0.00","-0.07"
"SMITH","JORDAN","+0.00","-0.00","-0.07","-0.00","-0.07"
"HATTON","TYRRELL","-0.01","-0.00","-0.06","+0.00","-0.07"
"HERBERT","LUCAS","-0.00","-0.00","-0.08","+0.00","-0.08"
"THOMAS","JUSTIN","-0.01","-0.00","-0.06","-0.00","-0.08"
"JOHN","CAMERON","+0.01","+0.00","-0.09","+0.00","-0.08"
"THEEGALA","SAHITH","-0.00","-0.00","-0.08","+0.00","-0.08"
"MCKIBBIN","TOM","+0.00","-0.00","-0.08","-0.00","-0.08"
"UIHLEIN","PETER","-0.01","+0.00","-0.08","+0.01","-0.08"
"LAOPAKDEE","FIFA","+0.01","+0.00","-0.10","+0.00","-0.08"
"DETRY","THOMAS","-0.00","-0.00","-0.08","+0.00","-0.09"
"LI","HAOTONG","+0.01","-0.00","-0.10","+0.00","-0.09"
"SPIETH","JORDAN","-0.00","-0.00","-0.09","+0.00","-0.09"
"CHRISTENSEN","TIGER","+0.01","+0.00","-0.11","+0.00","-0.10"
"BRADLEY","KEEGAN","-0.01","-0.00","-0.10","+0.00","-0.10"
"KOEPKA","BROOKS","+0.00","-0.00","-0.10","+0.00","-0.10"
"SCOTT","ADAM","+0.00","-0.00","-0.11","+0.00","-0.10"
"MCNEALY","MAVERICK","-0.01","-0.00","-0.09","+0.00","-0.11"
"STEVENS","SAM","+0.00","-0.00","-0.11","-0.00","-0.11"
"HOWELL","MASON","+0.01","+0.00","-0.13","+0.00","-0.11"
"FOX","RYAN","-0.00","-0.00","-0.11","+0.00","-0.11"
"NICHOLAS","JAMES","+0.01","+0.00","-0.12","+0.00","-0.11"
"CHACARRA","EUGENIO","-0.00","-0.00","-0.11","-0.00","-0.12"
"CLARK","WYNDHAM","-0.02","-0.00","-0.10","+0.00","-0.12"
"HILLIER","DANIEL","+0.00","-0.00","-0.12","-0.00","-0.12"
"DOCHERTY","ALISTAIR","+0.01","+0.00","-0.12","+0.00","-0.12"
"DU PLESSIS","HENNIE","+0.01","-0.00","-0.13","+0.00","-0.12"
"PLUNKETT","MARCUS","+0.01","+0.00","-0.14","+0.00","-0.12"
"SCHEFFLER","SCOTTIE","-0.01","-0.00","-0.11","-0.00","-0.13"
"SURRATT","CALEB","-0.00","+0.00","-0.13","+0.00","-0.13"
"DAFFUE","MJ","+0.00","+0.00","-0.14","+0.00","-0.14"
"GREYSERMAN","MAX","-0.01","-0.00","-0.14","+0.00","-0.14"
"BURNS","SAM","-0.01","-0.00","-0.13","+0.00","-0.14"
"REITAN","KRISTOFFER","-0.00","-0.00","-0.14","-0.00","-0.14"
"THORBJORNSEN","MICHAEL","-0.00","-0.00","-0.15","-0.00","-0.15"
"MITCHELL","KEITH","-0.00","-0.00","-0.15","+0.00","-0.15"
"RUITER","NEVILL","+0.01","+0.00","-0.17","+0.00","-0.16"
"KITAYAMA","KURT","-0.00","-0.00","-0.16","+0.00","-0.16"
"WOODLAND","GARY","+0.00","-0.00","-0.17","-0.00","-0.17"
"YOUNG","CAMERON","-0.01","-0.00","-0.16","-0.00","-0.17"
"KEEFER","JOHNNY","+0.01","-0.00","-0.18","+0.00","-0.17"
"AYORA","ANGEL","+0.00","-0.00","-0.18","+0.00","-0.18"
"COODY","PIERCESON","+0.00","-0.00","-0.19","+0.00","-0.19"
"ABERG","LUDVIG","-0.01","-0.00","-0.19","-0.00","-0.19"
"NIEMANN","JOAQUIN","-0.00","-0.00","-0.20","+0.00","-0.20"
"SCHAUFFELE","XANDER","-0.01","-0.00","-0.20","-0.00","-0.20"
"KNAPP","JAKE","-0.00","-0.00","-0.21","+0.00","-0.21"
"RAHM","JON","-0.01","-0.00","-0.21","-0.00","-0.22"
"SVENSSON","JESPER","+0.00","+0.00","-0.23","+0.00","-0.22"
"LEE","MIN WOO","-0.01","-0.00","-0.22","-0.00","-0.23"
"BALLESTER","JOSE LUIS","+0.01","+0.00","-0.24","+0.00","-0.23"
"HOJGAARD","RASMUS","-0.00","+0.00","-0.24","+0.00","-0.24"
"PUIG","DAVID","-0.01","+0.00","-0.25","+0.00","-0.25"
"GOTTERUP","CHRIS","-0.01","-0.00","-0.26","+0.00","-0.27"
"HOJGAARD","NICOLAI","-0.00","-0.00","-0.27","+0.00","-0.27"
"BRENNAN","MICHAEL","+0.01","-0.00","-0.29","+0.00","-0.29"
"PENGE","MARCO","+0.00","+0.00","-0.30","+0.00","-0.30"
"DECHAMBEAU","BRYSON","-0.00","-0.00","-0.31","+0.00","-0.31"
"MCILROY","RORY","-0.01","-0.00","-0.34","+0.00","-0.34"
"POTGIETER","ALDRICH","+0.00","-0.00","-0.37","+0.00","-0.36"